danceability,energy,key,loudness,mode,speechiness,acousticness,instrumentalness,liveness,valence,tempo
0.645,0.646,5,-8.334,1,0.0427,0.0615,3.04e-05,0.074,0.295,115.842
0.795,0.63,7,-5.854,0,0.0434,0.157,0.0,0.0732,0.447,97.998
0.506,0.362,10,-9.48,1,0.0416,0.67,0.0,0.176,0.385,84.726
0.65,0.825,0,-4.645,1,0.0325,0.0215,2.44e-05,0.0936,0.593,118.091
0.787,0.775,1,-6.614,1,0.0548,0.19,6.54e-05,0.113,0.787,118.998
0.628,0.593,8,-5.036,1,0.0323,0.093,1.65e-06,0.096,0.104,125.025
0.568,0.485,1,-7.635,0,0.0582,0.276,0.0,0.323,0.517,66.961
0.777,0.317,1,-10.732,0,0.308,0.591,0.0,0.0881,0.33,139.848
0.664,0.602,4,-5.369,0,0.0412,0.0529,0.0,0.356,0.289,134.049
0.623,0.734,9,-5.948,1,0.107,0.0162,1.75e-06,0.145,0.37,107.853
0.604,0.366,5,-7.519,1,0.0282,0.578,0.0,0.133,0.13,141.981
0.603,0.67,2,-3.882,0,0.0249,0.00408,1.68e-06,0.112,0.446,107.993
0.556,0.319,9,-8.251,1,0.0281,0.893,0.0,0.0996,0.294,135.187
0.73,0.769,8,-5.114,1,0.0298,0.138,0.0,0.0473,0.507,104.948
0.346,0.552,0,-6.864,0,0.0282,0.417,0.0,0.114,0.0789,75.881
0.331,0.341,9,-6.057,0,0.0309,0.528,0.0,0.109,0.152,109.821
0.376,0.595,3,-5.936,1,0.0496,0.303,0.0,0.095,0.265,144.361
0.317,0.172,10,-10.636,1,0.0326,0.907,0.000383,0.105,0.0963,65.18
0.616,0.47,5,-6.092,0,0.0253,0.291,0.0,0.111,0.325,80.03
0.578,0.43,5,-6.134,0,0.0305,0.33,0.0,0.0854,0.288,78.991
0.721,0.707,6,-6.364,1,0.0595,0.181,3.68e-06,0.143,0.743,125.005
0.47,0.652,2,-9.629,1,0.0561,0.0831,4.08e-05,0.175,0.104,141.981
0.854,0.569,5,-8.151,0,0.106,0.0609,0.0816,0.1,0.294,80.015
0.394,0.661,4,-8.684,1,0.192,0.00996,0.0,0.343,0.335,149.818
0.61,0.682,7,-4.877,1,0.123,0.318,0.0,0.321,0.694,142.966
0.801,0.819,11,-5.189,1,0.158,0.292,0.0,0.515,0.811,139.969
0.6,0.537,9,-7.777,0,0.0362,0.0468,0.0038,0.206,0.126,90.061
0.853,0.693,1,-6.87,1,0.275,0.0239,0.0,0.11,0.662,95.967
0.597,0.427,5,-6.764,0,0.0536,0.18,1.33e-05,0.121,0.0997,120.085
0.284,0.803,2,-5.293,0,0.173,0.302,0.0,0.242,0.553,67.536
0.552,0.702,9,-5.707,1,0.157,0.117,2.06e-05,0.105,0.564,169.994
0.504,0.386,11,-10.976,1,0.0308,0.502,1.53e-05,0.0961,0.281,192.004
0.701,0.751,0,-8.39,1,0.0502,0.123,0.0,0.15,0.22,129.994
0.532,0.623,5,-9.208,1,0.0331,0.538,7.28e-05,0.0925,0.403,89.937
0.359,0.543,7,-7.582,1,0.0919,0.492,1.58e-05,0.118,0.453,68.534
0.626,0.428,2,-8.374,1,0.0261,0.607,0.0,0.0921,0.487,94.95
0.613,0.581,0,-8.588,0,0.0424,0.537,0.000345,0.25,0.551,130.033
0.541,0.366,11,-10.412,1,0.0748,0.56,1e-06,0.0946,0.168,159.707
0.633,0.648,4,-6.645,1,0.062,0.121,2.62e-06,0.161,0.49,96.888
0.615,0.534,9,-6.719,0,0.0386,0.106,1.76e-05,0.0607,0.193,135.917
0.464,0.417,0,-9.345,0,0.0256,0.136,0.022,0.0974,0.479,67.528
0.52,0.852,0,-5.866,1,0.0543,0.00237,5.79e-05,0.0733,0.234,140.267
0.548,0.532,5,-7.596,1,0.0323,0.186,0.000263,0.217,0.405,85.03
0.691,0.631,2,-6.478,1,0.0368,0.0483,1.13e-05,0.104,0.8,92.004
0.288,0.758,6,-5.692,0,0.0371,0.00616,0.0,0.303,0.619,97.094
0.646,0.813,6,-5.29,0,0.0288,0.00178,2.26e-05,0.144,0.821,112.115
0.728,0.638,5,-6.455,0,0.0336,0.249,0.0,0.116,0.872,130.014
0.579,0.558,2,-6.986,1,0.0895,0.0202,1.26e-06,0.212,0.506,179.949
0.665,0.542,11,-8.323,0,0.033,0.123,0.00291,0.342,0.587,97.975
0.535,0.948,6,-4.19,0,0.0356,0.00225,0.0,0.376,0.778,103.183
0.355,0.791,8,-7.565,1,0.0453,0.00045,0.0,0.0969,0.758,106.392
0.297,0.842,6,-7.457,1,0.0488,0.000286,9.1e-06,0.0848,0.586,100.127
0.384,0.561,3,-10.059,0,0.0296,0.373,0.253,0.0775,0.159,136.136
0.263,0.562,3,-7.858,1,0.0273,0.0289,0.00118,0.12,0.213,146.08
0.16,0.954,9,-5.179,1,0.0685,0.023,4.01e-06,0.372,0.336,165.223
0.356,0.818,6,-5.343,1,0.0335,0.0122,0.000118,0.123,0.389,97.528
0.486,0.938,1,-6.652,1,0.0704,1.79e-05,0.000103,0.361,0.525,125.816
0.527,0.838,3,-6.013,1,0.0323,0.0206,0.00062,0.07,0.721,117.454
0.31,0.637,3,-8.595,0,0.037,0.215,0.116,0.0619,0.426,147.4
0.174,0.781,6,-7.066,1,0.0406,0.0452,0.00346,0.0822,0.276,81.37
0.79,0.631,8,-5.549,0,0.0425,0.437,0.0,0.158,0.889,94.039
0.703,0.617,5,-5.696,1,0.151,0.215,6.11e-06,0.433,0.486,173.97
0.813,0.866,7,-3.239,1,0.0851,0.17,0.0,0.0421,0.647,99.994
0.786,0.808,7,-3.702,1,0.0881,0.0846,0.000289,0.0822,0.608,105.029
0.693,0.775,8,-4.244,1,0.0665,0.296,0.0,0.232,0.501,93.013
0.529,0.528,0,-6.704,0,0.0846,0.306,0.0,0.604,0.364,110.175
0.658,0.654,11,-4.344,1,0.0853,0.511,1.66e-06,0.552,0.523,165.018
0.734,0.836,10,-4.803,0,0.0735,0.017,1.64e-05,0.179,0.623,80.002
0.691,0.765,8,-4.727,1,0.111,0.464,3.29e-06,0.203,0.855,174.021
0.75,0.665,8,-3.083,1,0.124,0.265,0.0,0.0515,0.697,95.239
0.543,0.87,9,-6.514,1,0.0428,0.358,0.000939,0.792,0.754,100.804
0.749,0.491,10,-9.655,1,0.0403,0.02,0.00899,0.159,0.536,119.528
0.678,0.727,2,-7.844,0,0.0258,0.117,0.00396,0.354,0.71,133.481
0.749,0.748,2,-7.011,1,0.0323,0.295,0.000443,0.469,0.827,137.547
0.684,0.675,11,-8.123,1,0.0257,0.163,0.0,0.242,0.924,107.064
0.445,0.949,2,-4.682,1,0.0471,0.395,8.18e-06,0.0902,0.653,147.604
0.454,0.788,6,-6.748,1,0.0371,0.574,0.000766,0.0859,0.52,126.15
0.764,0.626,0,-8.274,1,0.0288,0.457,6.35e-06,0.201,0.961,118.34
0.787,0.704,9,-6.873,0,0.0385,0.535,0.00305,0.089,0.646,120.701
0.5,0.554,9,-8.108,1,0.0354,0.734,3.72e-06,0.312,0.372,84.229
0.68,0.696,5,-6.977,1,0.051,0.116,0.0,0.607,0.684,115.962
0.74,0.517,1,-6.233,0,0.0506,0.0183,0.0,0.0558,0.698,139.917
0.459,0.659,0,-4.357,1,0.167,0.0369,0.0,0.181,0.576,184.311
0.737,0.624,2,-5.667,0,0.0465,0.0242,0.0,0.113,0.398,92.001
0.67,0.643,5,-4.553,1,0.0466,0.118,0.0,0.192,0.703,123.977
0.622,0.639,10,-5.62,1,0.0874,0.0465,0.0,0.161,0.632,144.089
0.701,0.547,2,-8.238,1,0.0483,0.00843,0.0,0.0987,0.4,140.015
0.648,0.619,5,-4.94,1,0.0274,0.279,0.0,0.0833,0.772,93.014
0.43,0.583,1,-5.794,1,0.0403,0.0323,0.0,0.339,0.653,176.04
0.665,0.686,11,-7.049,0,0.104,0.247,0.0,0.062,0.927,73.987
0.532,0.767,7,-5.509,1,0.0574,0.00287,0.000513,0.39,0.755,127.361
0.31,0.7,9,-5.678,1,0.047,0.011,0.00965,0.0828,0.763,188.386
0.502,0.89,4,-5.175,1,0.0364,0.000147,0.0117,0.217,0.259,133.52
0.574,0.913,6,-4.793,0,0.133,0.061,0.00158,0.156,0.423,115.728
0.754,0.759,9,-5.218,1,0.302,0.153,0.000108,0.101,0.435,126.366
0.389,0.873,4,-4.768,0,0.0475,0.00532,0.0055,0.273,0.303,106.767
0.668,0.906,11,-4.881,0,0.17,0.214,0.00245,0.135,0.507,135.653
0.457,0.904,2,-5.303,1,0.0747,0.000239,0.0879,0.396,0.48,141.038
0.456,0.863,3,-3.551,1,0.0894,0.133,0.0538,0.0553,0.532,135.962
0.547,0.931,2,-2.356,1,0.0615,0.000998,0.0118,0.278,0.697,118.4
0.612,0.196,7,-19.489,0,0.0359,0.706,0.319,0.111,0.142,73.489
0.693,0.467,4,-9.558,0,0.043,0.0497,0.452,0.107,0.402,105.955
0.65,0.686,4,-5.198,0,0.0314,0.513,0.000189,0.138,0.497,124.019
0.564,0.3,2,-7.349,1,0.0887,0.638,0.0022,0.101,0.0487,121.888
0.702,0.525,7,-7.139,1,0.039,0.847,0.0285,0.159,0.649,110.121
0.356,0.611,10,-5.71,1,0.0289,0.000183,0.867,0.127,0.272,170.069
0.261,0.641,9,-5.549,1,0.0472,0.0222,0.000332,0.112,0.0959,85.982
0.536,0.328,0,-11.404,1,0.034,0.804,0.318,0.165,0.105,61.204
0.667,0.314,9,-14.966,0,0.0479,0.961,0.78,0.108,0.322,92.384
0.644,0.569,9,-8.911,1,0.041,0.611,0.912,0.219,0.787,85.001
0.839,0.81,5,-5.274,0,0.0568,0.501,0.0,0.117,0.814,129.014
0.791,0.587,3,-5.075,0,0.0413,0.407,0.0,0.148,0.536,96.057
0.946,0.646,5,-6.604,1,0.21,0.219,0.0,0.0643,0.961,127.978
0.812,0.621,5,-8.3,1,0.0515,0.244,0.0,0.099,0.847,77.998
0.538,0.52,7,-11.063,0,0.737,0.308,0.0,0.214,0.551,180.274
0.539,0.648,4,-6.008,1,0.0619,0.118,0.0,0.362,0.403,91.066
0.581,0.662,9,-5.239,1,0.303,0.0153,0.0,0.111,0.434,93.023
0.644,0.587,7,-6.736,0,0.353,0.473,0.0,0.0759,0.68,173.972
0.81,0.55,2,-7.46,0,0.17,0.0114,5.69e-06,0.107,0.183,76.503
0.816,0.513,1,-8.363,1,0.244,0.0145,0.000102,0.14,0.17,96.981
0.669,0.561,10,-6.538,1,0.0411,0.495,0.00962,0.0954,0.841,150.069
0.669,0.778,9,-5.386,1,0.178,0.0602,0.0,0.359,0.342,137.699
0.856,0.589,10,-5.325,0,0.0473,0.49,8.47e-05,0.0857,0.433,105.027
0.884,0.665,11,-7.929,1,0.0646,0.38,9.36e-06,0.111,0.472,110.016
0.655,0.823,8,-5.383,1,0.0329,0.0215,0.0,0.378,0.297,104.999
0.718,0.79,5,-3.938,0,0.0431,0.009,1.26e-06,0.0904,0.871,121.999
0.706,0.725,6,-6.473,0,0.0665,0.112,0.00207,0.109,0.923,74.999
0.748,0.524,8,-5.599,1,0.0338,0.414,0.0,0.111,0.661,95.01
0.752,0.488,6,-7.05,1,0.0705,0.293,9.2e-06,0.0936,0.533,136.07
0.632,0.686,6,-7.665,0,0.243,0.549,0.0,0.2,0.329,89.949
0.589,0.731,2,-6.343,1,0.0868,0.0534,0.0,0.308,0.191,87.908
0.645,0.862,11,-4.761,0,0.0845,0.0933,0.0,0.193,0.803,119.947
0.712,0.65,0,-3.744,1,0.0468,0.389,0.0,0.227,0.728,102.558
0.63,0.633,4,-7.088,1,0.0457,0.00776,0.0,0.0541,0.452,93.992
0.675,0.751,0,-3.539,1,0.0296,0.0604,0.0,0.0893,0.612,118.384
0.552,0.662,6,-6.225,0,0.0548,9.18e-05,0.0,0.143,0.572,79.973
0.626,0.423,1,-6.035,1,0.0513,0.128,0.0,0.18,0.571,95.162
0.757,0.632,2,-6.83,1,0.0549,0.499,0.0,0.0723,0.742,122.936
0.796,0.806,1,-3.441,0,0.321,0.332,0.0,0.104,0.56,178.007
0.826,0.596,11,-5.262,1,0.0357,0.292,0.0,0.166,0.869,127.922
0.737,0.709,8,-6.889,0,0.045,0.333,0.0,0.289,0.556,125.997
0.843,0.729,6,-3.634,0,0.0374,0.401,1.2e-06,0.206,0.903,123.046
0.813,0.694,7,-5.092,0,0.0319,0.602,1.37e-06,0.0919,0.92,119.079
0.783,0.781,4,-3.079,1,0.0419,0.574,0.0,0.323,0.771,125.9
0.75,0.665,8,-3.083,1,0.124,0.265,0.0,0.0515,0.697,95.239
0.759,0.639,4,-8.085,0,0.0511,0.207,0.0,0.23,0.682,128.01
0.802,0.725,0,-5.965,0,0.0676,0.574,0.0,0.0821,0.598,128.04
0.732,0.708,9,-7.905,0,0.262,0.534,0.0,0.237,0.717,175.924
0.825,0.605,11,-9.71,1,0.0376,0.0764,0.0,0.314,0.944,124.005
0.779,0.589,5,-10.645,1,0.0345,0.332,0.0,0.12,0.894,128.044
0.804,0.56,1,-6.912,0,0.0397,0.416,0.0,0.0608,0.768,133.682
0.745,0.716,9,-8.221,0,0.0411,0.202,0.0,0.059,0.817,132.932
0.812,0.506,1,-10.729,1,0.0533,0.143,0.0,0.132,0.701,125.941
0.725,0.86,1,-3.726,1,0.182,0.422,0.000284,0.0674,0.791,175.896
0.732,0.64,0,-9.859,1,0.0378,0.586,1.81e-05,0.104,0.715,125.015
0.781,0.491,8,-8.793,1,0.0444,0.471,0.0,0.0972,0.913,124.971
0.811,0.562,5,-10.183,0,0.0368,0.137,0.0,0.0623,0.965,129.039
0.847,0.622,1,-6.747,0,0.0903,0.119,0.0,0.285,0.22,130.001
0.915,0.453,10,-4.589,0,0.27,0.0872,0.000163,0.104,0.287,139.943
0.79,0.716,10,-3.446,0,0.0929,0.0297,1.87e-05,0.213,0.627,100.104
0.897,0.662,1,-6.903,0,0.292,0.0852,0.0,0.534,0.39,112.509
0.887,0.727,4,-4.318,0,0.135,0.381,1.16e-06,0.213,0.932,130.035
0.8,0.658,1,-6.142,0,0.079,0.25,0.0,0.111,0.462,140.042
0.916,0.595,1,-4.418,0,0.0665,0.0507,0.0,0.107,0.638,122.024
0.926,0.726,5,-4.669,0,0.227,0.282,0.0,0.11,0.69,137.975
0.828,0.591,1,-6.217,1,0.109,0.0199,0.000323,0.361,0.202,119.251
0.952,0.478,5,-8.52,0,0.361,0.774,0.0,0.112,0.568,118.008
0.585,0.776,5,-5.898,1,0.0459,0.0572,7.74e-06,0.3,0.427,77.987
0.457,0.406,9,-7.462,1,0.0291,0.08,0.0,0.117,0.208,151.95
0.487,0.9,0,-4.417,1,0.0482,6.79e-05,0.0,0.358,0.484,149.937
0.56,0.959,7,-2.433,1,0.102,0.000722,0.000221,0.209,0.669,163.983
0.578,0.926,6,-3.689,0,0.0548,0.00472,0.0127,0.14,0.877,149.976
0.414,0.936,2,-2.407,1,0.0758,0.00136,0.0,0.369,0.74,170.229
0.457,0.719,4,-3.921,0,0.0323,0.191,0.0,0.228,0.168,142.034
0.482,0.873,0,-3.145,1,0.0853,0.0111,0.0,0.409,0.737,165.084
0.454,0.865,4,-3.841,1,0.0561,0.0323,0.0,0.186,0.34,166.018
0.348,0.907,5,-3.66,0,0.0497,0.000516,0.0,0.161,0.177,185.406
0.939,0.741,5,-5.171,0,0.0471,0.323,0.0,0.107,0.925,118.978
0.634,0.526,5,-7.881,0,0.0333,0.339,0.0,0.257,0.623,90.087
0.829,0.857,8,-4.194,0,0.152,0.26,0.0,0.415,0.586,137.979
0.866,0.454,0,-9.383,1,0.0414,0.0373,1.49e-06,0.275,0.368,99.982
0.798,0.443,2,-6.062,1,0.0402,0.244,0.0,0.326,0.354,125.231
0.742,0.879,0,-4.274,0,0.0328,0.0696,7.17e-06,0.0981,0.936,133.946
0.833,0.568,7,-4.312,1,0.0847,0.0262,0.0,0.11,0.369,89.958
0.739,0.945,0,-4.443,0,0.0881,0.125,0.0,0.112,0.627,130.018
0.716,0.698,7,-6.456,1,0.239,0.102,0.0,0.0728,0.569,176.012
0.656,0.738,11,-7.531,0,0.118,0.0838,2.72e-05,0.0677,0.715,173.877
0.58,0.916,3,-4.358,0,0.0387,0.000297,0.0259,0.126,0.683,118.004
0.486,0.881,2,-5.623,0,0.0474,0.0244,0.0,0.429,0.667,144.997
0.487,0.949,2,-4.217,0,0.0798,0.000429,2.91e-05,0.231,0.406,110.02
0.554,0.949,2,-4.928,1,0.0787,0.000318,9.98e-05,0.2,0.233,129.984
0.472,0.772,5,-5.928,1,0.0316,0.00658,5.65e-05,0.132,0.6,139.993
0.286,0.703,4,-4.491,0,0.0348,0.00847,7.39e-05,0.142,0.259,151.297
0.541,0.968,0,-4.129,1,0.0396,0.000248,8.28e-06,0.423,0.505,125.04
0.316,0.729,2,-5.931,0,0.0356,0.0203,8.99e-06,0.207,0.367,163.127
0.393,0.802,5,-4.499,1,0.0367,0.0168,0.0,0.193,0.338,140.101
0.576,0.906,2,-7.677,1,0.0571,0.000332,0.0614,0.0908,0.211,127.935
0.428,0.413,0,-7.783,1,0.0281,0.827,9.35e-06,0.108,0.355,79.646
0.273,0.405,0,-5.81,1,0.0298,0.735,0.0,0.189,0.534,89.48
0.575,0.845,0,-5.28,1,0.0852,0.393,0.0107,0.131,0.439,95.047
0.616,0.669,1,-6.836,1,0.0349,0.562,0.0,0.177,0.475,116.973
0.427,0.396,11,-7.556,1,0.0366,0.736,0.0,0.11,0.306,70.368
0.664,0.553,9,-7.555,1,0.0376,0.616,0.0,0.157,0.604,99.93
0.728,0.494,6,-9.628,0,0.0256,0.516,0.00384,0.0759,0.558,105.007
0.586,0.562,9,-7.399,1,0.0267,0.803,5.52e-06,0.063,0.436,93.982
0.271,0.726,7,-6.504,1,0.0527,0.586,0.0,0.353,0.532,87.424
0.468,0.658,2,-7.6,1,0.0667,0.81,0.0333,0.12,0.533,87.607
0.586,0.616,5,-7.964,1,0.0324,0.182,0.0,0.0927,0.719,148.088
0.548,0.878,10,-5.154,1,0.0598,0.0253,0.000934,0.0909,0.826,174.043
0.627,0.618,2,-8.529,1,0.0437,0.0558,0.0,0.351,0.848,82.03
0.651,0.703,0,-8.958,0,0.0816,0.0297,0.0,0.0608,0.647,140.051
0.708,0.598,5,-8.365,1,0.0291,0.037,0.0,0.17,0.698,112.027
0.711,0.605,6,-9.801,0,0.031,0.0396,2.29e-05,0.104,0.807,140.981
0.841,0.898,8,-7.135,1,0.104,0.271,0.0151,0.304,0.931,98.401
0.727,0.832,1,-5.153,0,0.0495,0.0125,9.96e-06,0.116,0.813,111.988
0.783,0.627,2,-8.521,1,0.102,0.00756,0.0,0.0606,0.48,100.025
0.799,0.574,9,-7.853,0,0.261,0.6,0.0,0.245,0.812,111.988
0.434,0.422,7,-13.964,0,0.0375,0.134,2.05e-05,0.0861,0.377,123.201
0.407,0.558,0,-13.609,1,0.0552,0.0537,1.42e-06,0.34,0.777,71.815
0.772,0.371,5,-5.743,0,0.0348,0.745,0.0,0.167,0.684,96.574
0.634,0.543,1,-13.391,0,0.182,0.525,0.0,0.232,0.468,121.56
0.694,0.495,9,-14.222,1,0.0329,0.0137,0.00351,0.0644,0.799,103.375
0.484,0.294,0,-16.544,1,0.031,0.34,0.00609,0.146,0.562,165.007
0.582,0.486,4,-13.165,1,0.0764,0.518,0.0,0.0665,0.512,87.833
0.883,0.458,9,-6.801,0,0.0411,0.0401,0.000419,0.0603,0.816,91.425
0.628,0.504,11,-14.978,1,0.0729,0.0215,0.00865,0.0684,0.711,98.308
0.705,0.634,5,-6.083,0,0.0282,0.0405,3.53e-05,0.349,0.639,98.008
0.599,0.946,11,-4.263,1,0.0447,0.000938,0.0106,0.0826,0.747,151.647
0.535,0.622,8,-5.771,1,0.0593,0.541,0.0209,0.402,0.457,143.533
0.807,0.462,8,-10.756,1,0.201,0.0762,0.000718,0.205,0.229,132.408
0.61,0.866,11,-3.74,0,0.115,0.00348,0.0766,0.946,0.434,126.632
0.41,0.718,7,-5.8,1,0.0448,0.283,0.00573,0.208,0.0375,126.297
0.656,0.876,11,-5.973,1,0.0449,0.00352,0.462,0.235,0.2,154.989
0.67,0.94,1,-3.379,1,0.0576,0.025,0.284,0.345,0.661,133.188
0.412,0.67,4,-3.959,1,0.0289,0.772,0.00108,0.242,0.395,134.024
0.568,0.915,1,-3.276,0,0.0663,0.000915,4.17e-05,0.602,0.586,97.417
0.431,0.806,3,-4.646,0,0.0612,0.0319,7.32e-05,0.476,0.4,142.873
0.388,0.291,3,-12.952,1,0.0421,0.774,1.93e-05,0.0874,0.51,83.943
0.354,0.269,1,-13.242,1,0.0297,0.885,0.00035,0.0872,0.304,91.608
0.435,0.382,3,-11.75,1,0.0298,0.821,0.0327,0.117,0.668,143.866
0.535,0.243,2,-17.583,1,0.0344,0.914,1.82e-05,0.0745,0.631,122.737
0.65,0.284,10,-15.665,0,0.0286,0.958,0.00221,0.213,0.512,112.767
0.573,0.276,11,-14.235,1,0.0405,0.862,0.00215,0.12,0.466,136.704
0.444,0.173,1,-13.476,1,0.0505,0.937,9.03e-06,0.117,0.488,154.857
0.53,0.277,9,-11.037,1,0.031,0.862,0.0,0.112,0.358,115.34
0.538,0.103,8,-19.38,1,0.0462,0.914,5.3e-05,0.137,0.383,128.424
0.495,0.196,1,-9.992,1,0.0333,0.915,0.0,0.152,0.375,76.47
0.906,0.752,11,-5.296,0,0.085,0.0136,0.0,0.0733,0.635,100.003
0.532,0.896,8,-4.356,1,0.184,0.00869,0.0,0.106,0.479,150.06
0.83,0.791,5,-5.185,0,0.049,0.027,0.0,0.343,0.466,119.024
0.797,0.831,11,-5.533,0,0.0643,0.0338,0.0,0.368,0.39,107.007
0.482,0.884,6,-4.538,0,0.0668,0.000677,0.000575,0.0883,0.377,171.915
0.826,0.651,10,-6.864,0,0.055,0.00179,6.45e-06,0.0697,0.559,125.036
0.555,0.89,9,-5.349,1,0.132,0.00399,0.0,0.0506,0.581,181.963
0.692,0.835,6,-4.978,0,0.0628,0.0517,0.0,0.134,0.566,80.017
0.571,0.964,4,-1.949,0,0.124,0.0503,0.0,0.356,0.519,129.997
0.68,0.709,2,-6.427,1,0.08,0.0306,3.43e-06,0.32,0.355,144.01
0.459,0.895,2,-3.126,1,0.0805,0.00725,0.0,0.206,0.572,181.04
0.369,0.845,0,-3.449,0,0.0611,0.0493,0.0,0.416,0.782,78.532
0.497,0.923,2,-4.512,1,0.138,0.00282,0.0,0.158,0.663,181.074
0.51,0.787,0,-3.712,0,0.0529,0.0137,0.0,0.368,0.793,162.092
0.491,0.837,2,-3.528,1,0.0533,4.13e-05,0.0,0.194,0.384,90.529
0.456,0.911,1,-2.904,0,0.0476,0.000771,0.0,0.323,0.624,164.032
0.45,0.602,6,-4.801,0,0.0264,0.15,0.0,0.141,0.316,170.043
0.514,0.671,11,-3.206,0,0.0309,0.022,0.0,0.0909,0.524,88.017
0.475,0.987,5,-3.515,0,0.121,0.00028,2.4e-06,0.335,0.632,162.005
0.417,0.951,1,-3.006,1,0.0499,0.00295,0.0,0.335,0.643,147.944
0.813,0.552,6,-6.328,1,0.0769,0.0702,0.000195,0.0542,0.773,146.953
0.713,0.703,8,-5.769,1,0.194,0.298,0.0,0.321,0.576,123.06
0.815,0.514,6,-9.446,0,0.361,0.54,0.0,0.611,0.623,120.054
0.687,0.782,8,-5.571,0,0.072,0.629,3.15e-05,0.106,0.72,89.978
0.897,0.755,9,-5.684,0,0.144,0.00758,0.000451,0.264,0.567,110.008
0.6,0.831,5,-3.858,1,0.0476,0.299,0.0,0.234,0.652,178.245
0.817,0.672,11,-5.612,0,0.299,0.441,0.0,0.13,0.774,93.999
0.726,0.604,7,-8.127,1,0.0846,0.546,2.71e-05,0.913,0.788,80.994
0.735,0.603,6,-9.474,0,0.203,0.226,3.56e-05,0.0844,0.429,135.993
0.783,0.701,1,-5.455,1,0.132,0.283,0.000781,0.643,0.52,140.04
0.588,0.881,0,-4.62,1,0.0666,0.000252,0.0,0.326,0.709,129.947
0.584,0.536,10,-8.158,1,0.0279,0.112,0.0,0.456,0.441,127.001
0.349,0.981,2,-3.228,0,0.141,2.58e-05,0.0,0.343,0.207,160.042
0.241,0.97,10,-4.246,0,0.104,7.35e-05,0.0,0.904,0.621,159.93
0.425,0.983,10,-3.437,1,0.114,0.000263,0.0,0.114,0.513,149.95
0.507,0.933,0,-4.7,1,0.0869,7e-05,0.0,0.105,0.715,149.996
0.301,0.916,10,-6.218,0,0.0919,0.000132,1.84e-05,0.293,0.451,150.091
0.625,0.951,3,-5.209,1,0.0494,0.00497,0.0,0.107,0.721,128.01
0.463,0.917,7,-3.776,1,0.13,0.000266,1.8e-05,0.0872,0.369,160.028
0.496,0.955,9,-3.607,0,0.196,8.3e-05,9.64e-05,0.0549,0.143,122.956
0.609,0.444,7,-9.129,1,0.106,0.603,6.86e-06,0.104,0.166,118.402
0.662,0.507,5,-8.238,1,0.118,0.257,0.0,0.0465,0.676,86.412
0.641,0.552,1,-5.423,0,0.0283,0.027,4.63e-06,0.148,0.152,90.098
0.652,0.609,11,-7.519,0,0.037,0.263,0.00101,0.233,0.482,95.986
0.482,0.706,9,-5.762,1,0.0607,0.135,0.00106,0.105,0.144,92.513
0.531,0.603,7,-6.242,1,0.0944,0.728,0.0,0.11,0.228,86.162
0.484,0.368,6,-7.784,1,0.0341,0.74,3.82e-05,0.118,0.142,92.923
0.264,0.663,9,-8.264,1,0.187,0.59,0.00443,0.342,0.249,167.078
0.596,0.505,7,-7.892,1,0.0619,0.732,1.97e-05,0.106,0.335,86.097
0.449,0.444,4,-7.248,1,0.0416,0.755,6.88e-05,0.267,0.138,81.222
0.699,0.698,11,-11.665,0,0.167,0.00534,0.0,0.267,0.601,133.972
0.776,0.659,10,-12.282,0,0.351,0.0127,0.00035,0.0424,0.656,91.067
0.705,0.729,8,-5.028,1,0.143,0.000271,0.0682,0.229,0.632,159.012
0.844,0.892,1,-0.892,1,0.312,0.0104,0.0,0.75,0.755,119.967
0.586,0.578,5,-10.113,0,0.0431,0.00133,0.871,0.136,0.3,82.004
0.632,0.81,7,-4.289,1,0.246,0.0141,7.42e-05,0.0863,0.832,137.031
0.787,0.47,1,-10.623,1,0.243,0.000717,0.0,0.12,0.965,137.954
0.836,0.734,8,-12.171,1,0.0762,0.00403,0.0,0.0586,0.813,131.068
0.628,0.605,11,-11.536,0,0.198,0.103,0.0,0.0599,0.667,130.014
0.514,0.735,1,-13.277,1,0.357,0.0232,0.0,0.0422,0.522,66.147
0.765,0.552,1,-7.524,0,0.309,0.175,0.0,0.193,0.492,119.476
0.782,0.719,1,-4.863,1,0.115,0.0311,0.0,0.157,0.304,139.941
0.709,0.415,1,-10.811,1,0.0876,0.203,0.0,0.146,0.292,131.929
0.706,0.716,7,-4.263,0,0.0768,0.115,0.0,0.316,0.459,136.904
0.755,0.578,0,-8.932,0,0.145,0.316,0.0,0.25,0.581,94.148
0.845,0.631,7,-8.206,0,0.216,0.188,0.0,0.0806,0.545,111.983
0.803,0.597,11,-6.035,0,0.141,0.000619,4.5e-06,0.323,0.331,136.008
0.472,0.551,5,-7.219,0,0.25,0.103,0.0,0.345,0.347,83.25
0.784,0.517,4,-8.981,0,0.209,0.0249,1.44e-06,0.155,0.206,97.991
0.769,0.632,10,-4.228,0,0.0537,0.0325,0.0,0.116,0.294,131.932
0.532,0.783,2,-5.697,1,0.0523,0.0038,0.0012,0.161,0.643,124.08
0.527,0.835,6,-5.298,1,0.0433,0.0166,0.0,0.249,0.654,125.983
0.579,0.736,6,-3.863,0,0.0527,0.31,0.0,0.198,0.613,127.999
0.584,0.889,1,-5.941,0,0.0343,0.0462,0.828,0.309,0.464,126.04
0.545,0.78,7,-4.867,0,0.0436,0.0309,4.64e-05,0.0828,0.458,125.014
0.662,0.858,2,-4.844,1,0.0428,0.00163,0.0,0.0456,0.295,133.993
0.569,0.785,1,-4.057,0,0.0457,0.0505,1.12e-06,0.086,0.303,128.031
0.509,0.79,6,-3.782,0,0.0374,0.332,6.67e-05,0.316,0.638,127.946
0.802,0.645,5,-6.181,0,0.0715,0.272,0.0,0.119,0.376,100.001
0.655,0.666,5,-5.309,1,0.0612,0.134,2.12e-05,0.0683,0.272,102.977
0.744,0.747,11,-4.281,0,0.0824,0.00691,2.03e-06,0.0739,0.368,120.077
0.695,0.789,9,-2.05,1,0.0671,0.0651,1.39e-06,0.168,0.469,91.991
0.644,0.872,6,-1.54,0,0.0417,0.164,0.0,0.363,0.378,131.016
0.757,0.898,11,-1.247,0,0.0667,0.0138,0.0,0.0703,0.842,114.949
0.727,0.879,9,-1.167,1,0.129,0.124,1.17e-05,0.244,0.671,146.959
0.82,0.852,11,-2.567,0,0.166,0.488,5.94e-06,0.0907,0.82,109.036
0.612,0.912,2,-2.853,1,0.0796,0.064,0.000799,0.0843,0.472,90.006
0.586,0.816,7,-6.331,1,0.283,0.0911,2.81e-06,0.235,0.265,119.8
0.687,0.879,10,-3.459,1,0.0378,0.203,1.53e-06,0.0814,0.801,136.995
0.709,0.602,7,-5.054,1,0.273,0.12,6.3e-05,0.312,0.844,159.971
0.921,0.682,2,-4.641,1,0.199,0.0425,0.0,0.175,0.391,102.969
0.918,0.893,3,-4.585,0,0.142,0.346,0.012,0.118,0.802,120.012
0.922,0.678,9,-6.016,1,0.146,0.377,0.00279,0.412,0.58,134.012
0.921,0.927,11,-3.025,1,0.104,0.284,0.0033,0.72,0.797,129.971
0.868,0.878,1,-3.294,1,0.038,0.0509,0.00052,0.0857,0.899,112.987
0.862,0.72,4,-4.155,1,0.0361,0.476,0.0,0.0543,0.967,129.993
0.654,0.726,0,-5.497,1,0.194,0.0328,0.0027,0.06,0.33,125.855
0.875,0.909,9,-3.558,1,0.076,0.14,0.00185,0.0616,0.524,119.999
0.848,0.976,9,-2.008,1,0.0799,0.286,0.000801,0.349,0.767,115.072
0.765,0.79,4,-2.129,0,0.0488,0.394,0.000487,0.142,0.613,147.03
0.408,0.582,11,-8.305,1,0.0508,0.218,0.0,0.159,0.365,114.926
0.665,0.834,4,-7.737,1,0.0576,0.21,0.0,0.452,0.411,105.292
0.657,0.655,0,-8.3,1,0.0248,0.135,0.00303,0.102,0.668,92.259
0.482,0.808,0,-7.176,1,0.065,0.0562,0.0,0.202,0.438,79.599
0.672,0.616,0,-5.764,1,0.0258,0.379,2.73e-05,0.0887,0.566,92.094
0.401,0.706,8,-7.554,1,0.0404,0.00415,0.0,0.0916,0.458,168.669
0.38,0.538,2,-5.493,1,0.0313,0.0223,0.00487,0.094,0.193,127.416
0.513,0.82,7,-5.428,1,0.0299,0.00192,2.83e-06,0.504,0.52,99.952
0.562,0.896,10,-7.974,0,0.203,0.0117,0.0,0.322,0.362,93.378
0.621,0.899,7,-6.379,1,0.0533,0.0373,0.0033,0.162,0.482,104.995
0.459,0.276,11,-10.339,1,0.036,0.63,9.5e-05,0.104,0.128,114.169
0.321,0.405,10,-8.533,0,0.0412,0.849,0.000544,0.138,0.274,146.072
0.726,0.738,6,-6.589,0,0.0602,0.102,2.17e-05,0.0882,0.414,115.904
0.539,0.528,5,-6.719,1,0.0546,0.246,6.65e-05,0.221,0.456,164.024
0.326,0.157,4,-16.287,0,0.0415,0.971,0.138,0.191,0.3,178.711
0.689,0.808,5,-5.31,0,0.188,0.25,0.000256,0.123,0.389,145.935
0.581,0.606,9,-8.335,1,0.0399,0.0347,0.00221,0.34,0.344,128.004
0.534,0.557,3,-7.423,1,0.0361,0.446,0.258,0.111,0.225,132.039
0.604,0.696,0,-4.735,1,0.0256,0.0601,0.000326,0.114,0.315,130.077
0.552,0.323,7,-9.773,0,0.0441,0.67,5.02e-05,0.0688,0.353,160.377
0.869,0.64,5,-7.677,0,0.0424,0.011,0.00119,0.0747,0.535,112.984
0.562,0.903,1,-4.778,1,0.126,0.2,0.0,0.249,0.313,113.984
0.502,0.634,8,-3.367,0,0.144,0.677,0.0341,0.188,0.645,101.837
0.778,0.801,6,-7.326,0,0.106,0.692,0.000155,0.0912,0.914,104.986
0.818,0.605,1,-7.121,1,0.038,0.293,0.0116,0.0696,0.366,104.931
0.786,0.757,9,-8.05,0,0.149,0.416,5.39e-06,0.0951,0.879,109.986
0.806,0.744,10,-5.377,0,0.0392,0.187,0.395,0.104,0.765,104.991
0.829,0.657,0,-6.802,1,0.0648,0.235,5.27e-05,0.0937,0.811,116.984
0.755,0.675,10,-6.973,1,0.0918,0.512,1.41e-06,0.117,0.783,112.049
0.852,0.599,5,-8.608,0,0.091,0.245,0.0,0.151,0.668,111.992
0.606,0.706,0,-9.665,1,0.0379,0.362,0.0,0.16,0.819,174.533
0.714,0.774,2,-6.713,1,0.0367,0.219,0.0,0.203,0.887,125.199
0.571,0.818,4,-6.539,1,0.0415,0.151,0.0,0.348,0.728,163.045
0.713,0.579,11,-8.066,1,0.0413,0.338,0.0,0.174,0.511,125.179
0.652,0.767,9,-10.445,1,0.0372,0.0355,6.92e-06,0.397,0.73,132.017
0.673,0.679,7,-7.337,1,0.0254,0.0875,0.0,0.0752,0.612,125.607
0.724,0.55,9,-9.767,1,0.0268,0.141,4.55e-06,0.0639,0.67,118.557
0.641,0.637,7,-10.92,1,0.0262,0.0495,0.000138,0.267,0.793,147.502
0.561,0.313,2,-10.624,1,0.029,0.711,0.000306,0.248,0.276,125.522
0.726,0.565,7,-10.355,1,0.033,0.21,0.0,0.0941,0.849,149.004
0.599,0.448,8,-6.312,1,0.0232,0.163,0.0,0.106,0.168,95.05
0.825,0.652,1,-3.183,0,0.0802,0.581,0.0,0.0931,0.931,95.977
0.614,0.379,4,-10.48,1,0.0476,0.607,0.000464,0.0986,0.201,107.989
0.788,0.859,2,-2.724,1,0.0856,0.281,0.0,0.0424,0.822,141.02
0.781,0.445,2,-6.061,1,0.0295,0.474,0.0,0.184,0.591,78.998
0.807,0.893,11,-3.745,0,0.0347,0.0451,2.79e-05,0.366,0.537,126.011
0.798,0.676,6,-5.041,1,0.0442,0.0902,0.0,0.0894,0.843,101.956
0.756,0.697,8,-6.377,1,0.0401,0.182,0.0,0.333,0.956,94.996
0.461,0.834,2,-4.868,1,0.0989,0.0232,1.14e-05,0.14,0.471,135.007
0.624,0.876,9,-3.374,1,0.1,0.0735,0.0,0.327,0.781,99.943
0.451,0.0223,1,-26.117,1,0.0461,0.993,0.768,0.13,0.0573,79.042
0.558,0.0259,8,-30.016,1,0.0458,0.996,0.871,0.0969,0.37,157.811
0.51,0.505,9,-13.053,0,0.0344,0.342,0.96,0.117,0.318,114.532
0.159,0.071,6,-27.109,0,0.0409,0.911,0.856,0.107,0.0602,146.977
0.26,0.01,4,-32.894,0,0.0359,0.98,0.843,0.131,0.0349,101.39
0.71,0.734,0,-14.932,0,0.052,0.513,0.836,0.0701,0.4,147.98
0.118,0.117,1,-23.177,1,0.0581,0.865,0.903,0.0954,0.0529,78.095
0.183,0.0896,2,-27.54,1,0.0486,0.989,0.899,0.107,0.0326,76.923
0.828,0.61,1,-7.305,1,0.0648,0.00104,0.894,0.0792,0.566,130.064
0.791,0.599,3,-13.648,1,0.145,0.315,0.928,0.111,0.57,93.988
0.775,0.68,0,-5.508,0,0.0629,0.00906,0.0,0.109,0.656,114.025
0.615,0.711,11,-5.507,1,0.078,0.0444,0.0,0.145,0.711,144.034
0.76,0.652,6,-7.321,1,0.232,0.0348,0.0,0.307,0.759,100.315
0.767,0.481,0,-8.52,0,0.0803,0.234,0.0,0.269,0.761,150.076
0.689,0.789,1,-4.901,1,0.122,0.154,0.0,0.203,0.745,98.043
0.77,0.799,10,-4.218,1,0.0512,0.0351,0.0,0.141,0.465,122.091
0.78,0.687,2,-5.22,1,0.0468,0.0411,0.0,0.0701,0.741,112.975
0.762,0.733,0,-4.175,0,0.0326,0.027,0.0,0.498,0.849,110.001
0.682,0.85,11,-4.242,0,0.0497,0.0185,0.0,0.102,0.174,98.982
0.714,0.825,6,-4.89,0,0.0875,0.0111,0.0,0.25,0.658,129.953
0.468,0.627,6,-5.085,1,0.0476,0.0281,7.97e-06,0.11,0.159,179.642
0.522,0.697,1,-5.288,0,0.103,0.0291,0.0,0.319,0.235,169.775
0.673,0.659,3,-4.493,0,0.0439,0.539,0.0,0.129,0.628,88.011
0.51,0.691,9,-5.199,0,0.0449,0.0321,0.0,0.151,0.372,129.852
0.673,0.914,10,-3.962,1,0.0496,0.229,0.000478,0.186,0.183,97.021
0.752,0.774,8,-4.379,1,0.0532,0.142,8.3e-06,0.0993,0.625,113.935
0.43,0.606,4,-5.115,0,0.0431,0.131,0.0,0.173,0.123,169.988
0.645,0.89,6,-4.985,1,0.128,0.259,9.38e-06,0.376,0.421,126.881
0.654,0.711,1,-7.437,0,0.0383,0.0214,0.00191,0.0903,0.198,127.957
0.423,0.634,6,-5.877,0,0.0578,0.196,0.0,0.189,0.467,150.978
0.268,0.829,7,-4.592,1,0.0743,0.00986,0.434,0.142,0.203,117.351
0.51,0.622,2,-5.727,1,0.0242,0.0108,4.11e-06,0.127,0.424,99.934
0.328,0.948,8,-4.355,1,0.071,0.0355,0.515,0.126,0.469,177.329
0.469,0.727,1,-6.783,1,0.0364,0.525,0.747,0.11,0.214,116.219
0.359,0.691,1,-2.626,1,0.0438,0.000112,0.00167,0.101,0.311,116.888
0.322,0.899,4,-4.459,1,0.0931,0.009,9.63e-06,0.591,0.406,165.931
0.344,0.645,0,-4.363,1,0.035,0.0291,0.315,0.0988,0.125,150.852
0.283,0.837,4,-3.863,1,0.0529,0.33,0.492,0.346,0.453,167.387
0.49,0.647,2,-5.931,1,0.0335,0.448,0.888,0.0923,0.43,117.045
0.33,0.895,9,-4.488,1,0.0485,0.363,0.753,0.265,0.609,160.936
0.58,0.77,0,-5.724,0,0.0579,0.117,0.0,0.334,0.624,108.0
0.72,0.706,1,-4.719,1,0.0473,0.0684,0.0,0.166,0.62,133.002
0.754,0.763,7,-4.627,0,0.0435,0.0301,2.23e-05,0.0901,0.464,117.953
0.637,0.69,1,-4.057,0,0.0405,0.00786,0.0,0.124,0.457,129.857
0.673,0.659,3,-4.493,0,0.0439,0.539,0.0,0.129,0.628,88.011
0.719,0.959,9,-5.29,0,0.125,0.341,0.0,0.255,0.522,126.031
0.614,0.934,9,-3.709,0,0.07,0.0697,0.0,0.121,0.436,116.001
0.681,0.657,6,-4.671,1,0.0432,0.0748,0.0,0.353,0.628,130.089
0.504,0.788,3,-4.113,0,0.214,0.0132,0.0,0.363,0.228,169.907
0.691,0.856,11,-3.899,1,0.0383,0.0174,4.76e-05,0.111,0.638,117.081
0.28,0.908,2,-5.509,0,0.109,0.0327,8.85e-06,0.18,0.26,118.698
0.294,0.745,5,-9.138,1,0.0461,0.05,0.125,0.676,0.347,134.364
0.498,0.515,11,-11.985,0,0.0395,0.0936,0.0,0.1,0.616,127.765
0.618,0.413,4,-14.164,0,0.0302,0.249,0.0517,0.131,0.531,97.84
0.531,0.917,0,-8.033,1,0.0554,0.00362,0.000347,0.239,0.393,101.829
0.466,0.339,10,-13.081,1,0.0369,0.305,0.000524,0.202,0.323,113.687
0.252,0.971,10,-5.597,0,0.1,0.00295,5.04e-05,0.528,0.305,137.497
0.47,0.939,7,-7.782,0,0.0599,0.00511,0.00102,0.51,0.3,129.896
0.553,0.284,0,-15.602,1,0.0317,0.45,3.48e-06,0.114,0.374,136.112
0.239,0.798,5,-13.952,1,0.0671,0.000485,0.376,0.141,0.292,141.228
0.626,0.708,5,-7.097,1,0.0556,0.442,3.04e-06,0.137,0.883,168.162
0.715,0.846,10,-3.665,1,0.18,0.129,2.57e-06,0.084,0.909,95.426
0.725,0.47,7,-4.764,0,0.0381,0.406,0.0,0.0624,0.931,105.965
0.801,0.597,3,-7.105,1,0.0317,0.258,1.43e-05,0.0923,0.965,112.978
0.707,0.713,3,-3.609,1,0.0367,0.316,0.0,0.114,0.973,142.003
0.597,0.725,2,-6.686,0,0.136,0.306,0.000161,0.3,0.8,189.96
0.696,0.669,6,-4.509,0,0.0386,0.304,0.0,0.0953,0.62,139.998
0.666,0.7,9,-6.592,1,0.0554,0.0683,0.0,0.144,0.749,160.014
0.774,0.595,2,-4.267,0,0.0345,0.175,1.38e-05,0.187,0.934,115.035
0.805,0.845,7,-3.577,1,0.031,0.368,0.0,0.15,0.96,99.988
0.594,0.304,7,-14.389,1,0.036,0.956,0.00579,0.119,0.308,122.636
0.473,0.452,9,-14.238,1,0.0267,0.0316,0.859,0.119,0.48,79.318
0.611,0.703,9,-2.924,1,0.0282,0.0541,1.29e-06,0.105,0.358,116.11
0.665,0.388,10,-16.208,1,0.0432,0.851,0.806,0.0757,0.882,111.148
0.728,0.734,9,-5.12,1,0.0451,0.0135,0.0,0.31,0.637,128.009
0.673,0.758,7,-3.632,1,0.158,0.039,0.0,0.341,0.542,135.956
0.633,0.8,1,-6.945,1,0.166,0.209,0.000123,0.137,0.913,175.716
0.407,0.147,2,-8.822,1,0.0355,0.857,2.89e-06,0.0913,0.0765,141.284
0.754,0.811,5,-3.679,1,0.0561,0.0185,5.18e-06,0.654,0.639,109.902
0.296,0.572,1,-7.818,1,0.0369,0.641,0.0,0.2,0.288,78.714
0.456,0.573,5,-3.866,0,0.0275,0.578,3.05e-06,0.114,0.0992,76.19
0.64,0.889,2,-3.073,1,0.322,0.107,0.0,0.339,0.436,99.931
0.435,0.92,4,-1.357,0,0.201,0.235,0.000353,0.552,0.45,188.899
0.679,0.474,6,-6.323,1,0.0294,0.546,0.00149,0.373,0.197,117.947
0.652,0.557,1,-5.714,0,0.0318,0.74,0.0,0.124,0.483,150.073
0.656,0.577,10,-5.566,0,0.0802,0.698,0.0,0.296,0.861,173.094
0.723,0.504,8,-5.572,1,0.0392,0.388,7.4e-05,0.087,0.551,133.975
0.514,0.605,7,-5.363,1,0.0337,0.774,2.91e-06,0.121,0.409,120.894
0.448,0.606,3,-4.565,1,0.0609,0.577,0.0,0.217,0.483,121.15
0.817,0.578,11,-7.579,0,0.0824,0.224,0.00103,0.251,0.851,143.982
0.655,0.569,1,-5.018,0,0.0349,0.716,7.4e-06,0.135,0.44,150.267
0.691,0.698,5,-6.201,0,0.108,0.303,7.39e-06,0.412,0.631,76.005
0.702,0.616,6,-4.903,1,0.326,0.686,0.0,0.145,0.507,80.482
0.416,0.649,11,-5.271,0,0.0385,0.655,2.82e-06,0.12,0.474,112.482
0.392,0.476,1,-7.583,1,0.0249,0.397,0.000163,0.309,0.234,78.031
0.39,0.649,2,-5.163,1,0.0345,0.172,0.0,0.216,0.144,121.161
0.653,0.73,5,-10.613,1,0.0429,0.0115,1.02e-05,0.0776,0.894,108.709
0.379,0.76,9,-10.961,1,0.0378,0.00298,0.0296,0.104,0.491,99.436
0.348,0.848,6,-4.674,0,0.0396,0.0454,0.0,0.143,0.486,162.189
0.452,0.813,9,-4.45,1,0.0319,8.31e-05,0.0381,0.274,0.539,105.757
0.54,0.982,4,-2.962,0,0.0458,0.435,3.37e-05,0.0457,0.91,126.294
0.305,0.803,0,-4.668,1,0.0412,0.0495,0.000315,0.329,0.282,139.381
0.239,0.819,3,-3.583,1,0.0393,0.304,0.0,0.0855,0.439,171.449
0.518,0.866,9,-4.476,1,0.0509,0.00413,1.93e-05,0.246,0.671,117.983
0.572,0.89,6,-4.139,0,0.039,0.00082,0.00937,0.564,0.765,158.038
0.554,0.901,6,-4.139,0,0.0384,0.000493,0.000291,0.0867,0.537,157.987
0.701,0.455,7,-9.0,1,0.0296,0.568,0.242,0.114,0.312,113.992
0.703,0.806,8,-4.974,0,0.0555,0.00935,0.00056,0.0948,0.844,120.996
0.65,0.961,9,-3.208,1,0.0392,0.0131,0.0,0.0725,0.943,108.992
0.548,0.815,2,-5.218,0,0.0409,0.0175,8.9e-06,0.127,0.212,129.963
0.5,0.889,11,-4.541,1,0.0676,0.0014,0.0,0.0781,0.428,132.713
0.555,0.909,5,-2.738,1,0.0356,0.153,2.87e-06,0.129,0.785,138.983
0.457,0.577,7,-5.351,1,0.0264,0.00643,0.000315,0.0813,0.321,158.597
0.577,0.798,2,-5.037,1,0.0365,0.0963,0.0788,0.311,0.413,128.0
0.894,0.791,2,-4.699,1,0.112,0.0183,0.0,0.0388,0.583,105.018
0.663,0.861,7,-3.398,0,0.109,0.0338,0.0,0.082,0.654,119.963
0.662,0.507,5,-8.238,1,0.118,0.257,0.0,0.0465,0.676,86.412
0.59,0.698,11,-4.262,1,0.0286,0.000176,0.0,0.107,0.352,95.975
0.657,0.629,6,-4.938,1,0.0782,0.194,0.0,0.254,0.726,93.985
0.796,0.477,1,-7.161,1,0.108,0.314,0.0,0.12,0.685,119.928
0.573,0.712,0,-5.976,1,0.0732,0.0572,0.0,0.167,0.346,140.012
0.845,0.467,1,-7.674,1,0.138,0.0586,0.0,0.0694,0.702,138.007
0.781,0.745,4,-5.81,0,0.0332,0.198,1.14e-05,0.36,0.326,129.998
0.761,0.639,5,-7.577,0,0.0539,0.0359,0.0,0.0945,0.922,164.088
0.308,0.873,8,-4.542,1,0.0533,0.00022,0.000729,0.0974,0.686,143.519
0.389,0.904,8,-4.494,0,0.0355,0.00844,0.000155,0.124,0.67,121.863
0.232,0.978,4,-5.766,0,0.0836,3.5e-05,0.00395,0.321,0.578,163.712
0.678,0.658,3,-9.133,0,0.0481,0.0753,0.0,0.125,0.616,75.017
0.408,0.839,3,-4.543,0,0.0369,0.00258,6.96e-06,0.333,0.37,131.521
0.512,0.82,3,-5.971,0,0.0303,0.00143,0.00143,0.104,0.602,88.977
0.396,0.986,11,-4.467,0,0.0574,0.000981,0.000409,0.23,0.546,110.72
0.592,0.914,10,-4.753,0,0.0468,0.000259,0.000139,0.0452,0.524,120.032
0.554,0.98,3,-2.849,0,0.0947,0.00291,0.0,0.279,0.643,114.078
0.482,0.968,4,-3.678,0,0.0816,0.00139,0.000347,0.157,0.559,101.022
0.525,0.66,10,-7.094,1,0.111,0.468,3.3e-06,0.128,0.458,123.787
0.702,0.84,4,-5.382,1,0.0657,0.151,0.0,0.081,0.639,120.035
0.59,0.469,6,-6.287,1,0.0467,0.398,0.0,0.0872,0.331,135.798
0.779,0.604,1,-8.039,0,0.0403,0.556,0.0,0.112,0.404,120.017
0.631,0.381,8,-8.232,1,0.0386,0.768,0.00218,0.261,0.546,92.951
0.648,0.768,0,-6.071,1,0.0541,0.246,0.0,0.0768,0.244,126.897
0.445,0.694,10,-6.135,1,0.118,0.502,0.0,0.152,0.345,122.843
0.409,0.401,3,-6.776,0,0.0324,0.662,3.83e-05,0.0959,0.416,143.59
0.59,0.724,1,-4.088,1,0.0301,0.147,0.00026,0.191,0.524,155.113
0.547,0.621,4,-6.287,0,0.0581,0.72,0.00996,0.408,0.712,107.415
0.218,0.111,7,-21.375,1,0.0688,0.895,0.834,0.165,0.27,77.423
0.221,0.126,0,-25.367,1,0.0447,0.989,0.897,0.0769,0.216,133.564
0.338,0.15,7,-27.434,0,0.0478,0.987,0.77,0.11,0.785,119.647
0.354,0.183,7,-25.575,0,0.0448,0.993,0.897,0.12,0.529,125.519
0.454,0.0139,4,-29.966,0,0.0513,0.995,0.943,0.0736,0.243,130.242
0.268,0.216,0,-26.338,1,0.0421,0.992,0.848,0.115,0.599,138.562
0.325,0.236,7,-24.018,0,0.0429,0.993,0.899,0.163,0.599,128.782
0.315,0.261,2,-22.325,1,0.0435,0.991,0.916,0.122,0.825,139.072
0.515,0.269,11,-21.859,0,0.037,0.847,0.0897,0.0757,0.964,130.998
0.267,0.0991,7,-22.496,1,0.075,0.988,0.916,0.108,0.42,165.474
0.322,0.555,11,-8.726,0,0.129,0.208,0.00437,0.325,0.397,96.019
0.583,0.604,2,-8.437,1,0.456,0.735,0.0,0.724,0.691,49.305
0.499,0.468,1,-11.023,1,0.522,0.703,0.0,0.167,0.719,163.117
0.669,0.734,8,-7.183,1,0.0725,0.275,0.0,0.172,0.628,113.057
0.528,0.595,0,-10.35,0,0.281,0.337,0.0,0.389,0.36,130.396
0.617,0.561,11,-12.026,1,0.235,0.901,0.00111,0.264,0.618,154.724
0.508,0.6,11,-9.632,0,0.338,0.451,0.00043,0.357,0.337,153.022
0.506,0.628,9,-8.167,1,0.175,0.146,2.91e-05,0.135,0.363,86.131
0.397,0.705,3,-10.534,1,0.267,0.434,3.48e-06,0.414,0.651,153.457
0.406,0.524,5,-11.071,1,0.255,0.469,3.95e-06,0.117,0.412,56.046
0.964,0.398,11,-8.981,0,0.0795,0.00151,3.95e-05,0.101,0.563,105.012
0.834,0.663,8,-6.143,1,0.133,0.235,0.0,0.372,0.774,121.876
0.772,0.637,2,-6.881,1,0.114,0.00459,0.0,0.0778,0.54,149.906
0.825,0.716,7,-3.236,0,0.0598,0.26,0.0,0.284,0.834,140.038
0.712,0.689,1,-5.286,0,0.128,0.141,0.0,0.657,0.49,82.98
0.839,0.856,10,-3.468,0,0.159,0.0259,0.0,0.1,0.524,80.532
0.644,0.837,2,-5.962,1,0.089,0.0281,0.0,0.0416,0.311,103.03
0.773,0.627,11,-4.891,1,0.0452,0.0698,0.0,0.234,0.523,131.021
0.777,0.787,9,-4.71,1,0.0732,0.138,0.0,0.0685,0.698,138.043
0.679,0.801,5,-4.611,0,0.275,0.0236,0.0,0.0573,0.825,173.938
0.259,0.899,2,-5.948,1,0.0793,0.000819,0.0,0.512,0.379,176.686
0.479,0.946,4,-3.429,1,0.0966,0.000705,0.00264,0.189,0.264,74.997
0.41,0.982,11,-2.597,0,0.0945,0.000346,0.0,0.336,0.441,163.839
0.587,0.782,4,-3.948,1,0.0403,0.0022,0.00242,0.0629,0.383,94.908
0.291,0.987,7,-2.829,1,0.165,1.42e-05,0.000129,0.431,0.226,95.799
0.378,0.985,9,-1.608,1,0.0603,0.00773,0.187,0.403,0.615,163.646
0.29,0.989,7,-2.318,1,0.133,0.00371,0.0,0.36,0.312,178.515
0.57,0.979,7,-2.67,1,0.14,0.00266,4.25e-05,0.0846,0.324,76.011
0.551,0.858,11,-3.492,0,0.0393,0.0432,3.27e-05,0.0862,0.511,128.035
0.396,0.867,9,-4.239,1,0.0384,0.0475,0.0,0.112,0.303,156.028
0.663,0.77,0,-4.88,1,0.0371,0.0876,0.0,0.352,0.772,132.058
0.506,0.651,7,-4.993,1,0.0361,0.0351,0.0,0.248,0.338,146.141
0.516,0.745,2,-8.352,1,0.0774,0.564,0.0,0.275,0.826,186.005
0.542,0.464,6,-6.986,1,0.0265,0.276,0.0,0.0989,0.251,139.999
0.639,0.839,11,-4.99,1,0.0364,0.0529,0.0,0.0854,0.528,126.057
0.58,0.88,11,-4.581,1,0.0404,0.0302,0.0,0.0795,0.589,140.028
0.631,0.897,4,-1.672,1,0.0497,0.0491,7.32e-06,0.661,0.418,123.023
0.565,0.806,9,-5.11,0,0.0482,0.054,7.73e-06,0.204,0.683,140.084
0.615,0.874,11,-3.375,1,0.104,0.0131,0.0,0.33,0.604,107.97
0.36,0.553,2,-4.08,1,0.0295,0.146,0.0,0.322,0.425,127.83
0.323,0.765,2,-9.054,1,0.0356,0.00464,0.835,0.973,0.615,94.882
0.271,0.795,4,-5.143,0,0.0884,0.012,0.0862,0.106,0.375,180.814
0.462,0.396,11,-10.205,0,0.0405,0.368,0.000313,0.11,0.526,134.787
0.272,0.757,9,-10.587,0,0.039,0.00822,0.741,0.0863,0.47,96.652
0.468,0.751,7,-7.892,1,0.0369,0.0644,0.0601,0.112,0.411,125.599
0.454,0.527,9,-8.571,1,0.0398,0.101,0.0164,0.11,0.334,136.967
0.301,0.335,2,-7.95,1,0.0322,0.395,0.000924,0.184,0.122,136.997
0.236,0.482,5,-8.613,1,0.0303,0.383,0.705,0.107,0.0461,76.688
0.339,0.535,4,-10.996,0,0.0285,0.0558,0.339,0.0847,0.242,120.97
0.361,0.47,7,-10.376,1,0.0404,0.269,0.0639,0.145,0.124,128.314
0.532,0.969,9,0.273,1,0.0478,0.00014,0.642,0.285,0.0789,174.052
0.864,0.704,8,-5.306,1,0.0718,0.0341,0.0114,0.0995,0.511,124.0
0.841,0.923,1,-0.19,0,0.186,0.000645,0.0759,0.101,0.341,175.045
0.777,0.5,5,-10.733,0,0.0568,0.128,0.923,0.117,0.336,126.995
0.721,0.499,11,-6.223,0,0.11,0.00998,0.0425,0.203,0.0701,174.078
0.497,0.954,5,-1.701,1,0.06,0.00048,0.655,0.101,0.152,174.998
0.662,0.721,7,-6.882,1,0.147,0.00593,0.293,0.138,0.25,80.049
0.65,0.99,0,-5.309,1,0.184,0.00205,0.427,0.141,0.626,173.98
0.532,0.976,1,-1.04,1,0.0606,0.000228,0.903,0.239,0.364,175.073
0.47,0.902,11,-5.797,0,0.061,6.09e-05,0.606,0.425,0.186,173.983
0.72,0.88,9,-2.834,1,0.101,0.0562,0.06,0.153,0.463,180.011
0.775,0.679,4,-4.985,0,0.135,0.18,7.26e-05,0.068,0.619,166.008
0.725,0.681,8,-5.277,0,0.0376,0.318,0.0,0.107,0.762,99.998
0.575,0.658,9,-2.34,0,0.101,0.0463,2.24e-05,0.0627,0.884,84.273
0.812,0.736,4,-5.421,0,0.0833,0.152,0.00254,0.0914,0.396,91.993
0.694,0.909,0,-4.426,1,0.039,0.257,3.4e-06,0.191,0.875,105.026
0.785,0.897,4,-3.447,0,0.158,0.0452,0.0,0.222,0.891,115.916
0.903,0.951,9,-2.714,0,0.0428,0.454,0.0,0.108,0.873,133.54
0.89,0.682,7,-4.644,1,0.177,0.218,0.0016,0.154,0.385,130.025
0.813,0.814,8,-3.58,1,0.279,0.292,0.0,0.0827,0.49,134.969
0.606,0.617,1,-6.041,1,0.494,0.338,0.0,0.0992,0.496,156.904
0.647,0.57,11,-11.731,1,0.874,0.78,0.0,0.249,0.695,82.573
0.802,0.914,2,-9.474,1,0.0576,0.0311,0.925,0.0642,0.499,125.981
0.736,0.499,10,-8.177,1,0.0341,0.487,0.0,0.23,0.957,114.984
0.755,0.5,0,-6.307,1,0.0513,0.689,1.35e-06,0.0685,0.97,149.957
0.738,0.588,5,-4.372,0,0.0446,0.744,2.13e-05,0.0576,0.877,107.951
0.632,0.479,8,-5.577,1,0.0283,0.74,0.0,0.105,0.498,114.04
0.725,0.496,3,-8.143,1,0.0292,0.395,0.000126,0.102,0.85,135.915
0.728,0.408,0,-6.66,1,0.0401,0.807,1.45e-05,0.0727,0.806,124.02
0.863,0.641,9,-4.543,0,0.0379,0.197,0.0,0.0793,0.964,129.898
0.665,0.463,7,-7.068,1,0.0412,0.704,1.53e-05,0.104,0.786,124.996
0.693,0.619,2,-4.955,1,0.0373,0.667,0.0,0.12,0.783,117.934
0.703,0.566,0,-5.931,1,0.0274,0.267,0.000102,0.163,0.824,129.919
0.455,0.751,7,-12.193,1,0.0487,0.515,0.945,0.0972,0.441,200.055
0.737,0.597,7,-7.333,1,0.119,0.292,0.0,0.13,0.449,92.049
0.788,0.715,5,-5.211,1,0.119,0.698,0.0,0.152,0.819,81.523
0.797,0.844,11,-5.482,1,0.275,0.0651,0.0,0.087,0.52,170.142
0.791,0.839,11,-4.284,1,0.266,0.0588,6.26e-05,0.259,0.383,170.113
0.841,0.733,1,-5.077,1,0.142,0.0246,0.0,0.174,0.284,130.009
0.957,0.785,1,-5.832,1,0.232,0.146,1.17e-06,0.0361,0.886,103.025
0.734,0.703,1,-1.69,0,0.132,0.0344,0.0,0.162,0.152,121.08
0.545,0.975,10,-3.193,0,0.454,0.17,0.0,0.145,0.609,123.906
0.869,0.712,9,-6.136,1,0.103,0.0715,0.0,0.272,0.435,120.0
0.838,0.624,1,-4.557,0,0.228,0.0624,0.0,0.217,0.117,95.937
0.756,0.47,2,-11.275,0,0.0801,0.257,0.0,0.271,0.528,107.074
0.84,0.447,3,-7.909,0,0.216,0.0734,0.000249,0.114,0.239,150.051
0.725,0.709,3,-5.017,0,0.129,0.321,0.000189,0.114,0.648,99.993
0.792,0.503,1,-8.044,1,0.0626,0.0369,0.00057,0.0959,0.381,99.97
0.685,0.624,0,-5.101,1,0.235,0.318,0.0,0.107,0.618,89.972
0.779,0.628,1,-5.231,1,0.0433,0.0351,5.33e-05,0.351,0.617,100.028
0.695,0.664,1,-5.569,0,0.128,0.262,0.0,0.276,0.807,96.029
0.559,0.453,10,-8.746,0,0.0684,0.592,1.23e-05,0.0909,0.622,123.906
0.58,0.594,6,-7.229,1,0.317,0.162,0.0,0.101,0.52,114.748
0.668,0.436,8,-7.932,0,0.391,0.174,0.0,0.0951,0.363,80.431
0.705,0.595,5,-8.411,0,0.161,0.027,0.0,0.0811,0.357,175.909
0.669,0.811,4,-6.699,0,0.193,0.123,1.48e-06,0.0582,0.652,197.896
0.687,0.818,0,-4.221,1,0.0778,0.0112,0.0,0.248,0.886,125.952
0.65,0.946,10,-5.454,1,0.0421,0.00191,0.127,0.149,0.425,160.027
0.596,0.667,6,-5.651,0,0.0295,0.0524,0.000109,0.205,0.217,140.002
0.778,0.463,11,-7.603,1,0.0389,0.546,0.00289,0.0731,0.496,121.999
0.719,0.959,9,-5.29,0,0.125,0.341,0.0,0.255,0.522,126.031
0.667,0.838,11,-4.036,0,0.0412,0.307,1.18e-05,0.224,0.34,130.009
0.703,0.914,7,-4.75,1,0.127,0.000642,0.0221,0.36,0.863,126.028
0.588,0.88,7,-5.15,1,0.0354,0.0243,6.89e-05,0.0667,0.523,130.085
0.797,0.86,10,-4.38,0,0.0413,0.0312,0.0137,0.334,0.192,124.033
0.626,0.754,2,-6.217,0,0.0269,0.00998,0.00404,0.157,0.317,100.015
0.537,0.456,10,-13.638,1,0.112,0.955,0.000268,0.634,0.684,129.032
0.769,0.972,9,-4.044,1,0.126,0.334,0.0,0.0587,0.655,94.987
0.439,0.946,1,-3.097,1,0.408,0.548,4.03e-05,0.108,0.645,78.889
0.768,0.708,10,-8.796,1,0.0402,0.412,0.0,0.307,0.89,105.995
0.807,0.827,0,-3.813,0,0.105,0.559,0.0,0.365,0.859,105.033
0.686,0.993,0,-2.014,0,0.213,0.338,0.000109,0.12,0.422,82.469
0.679,0.938,9,-1.966,1,0.226,0.0383,0.0,0.138,0.562,112.677
0.551,0.97,6,0.009,0,0.123,0.179,0.0,0.204,0.44,140.047
0.771,0.88,7,-3.508,1,0.137,0.0849,2.39e-06,0.114,0.669,79.996
0.807,0.87,0,-3.602,0,0.15,0.529,0.0,0.124,0.824,105.022
0.617,0.965,8,-3.786,1,0.158,0.0738,0.0,0.276,0.88,150.06
0.87,0.498,9,-8.339,0,0.0622,0.046,0.0,0.146,0.692,110.017
0.891,0.586,11,-4.665,1,0.121,0.0833,0.0,0.213,0.954,130.012
0.87,0.37,1,-6.143,1,0.393,0.12,0.0,0.117,0.747,169.927
0.677,0.497,10,-8.064,0,0.303,0.365,3.63e-05,0.12,0.46,172.164
0.717,0.454,2,-10.401,1,0.155,0.19,0.0,0.134,0.75,118.566
0.589,0.0941,10,-14.447,0,0.138,0.985,8.55e-06,0.108,0.376,91.987
0.718,0.474,1,-6.572,0,0.093,0.648,0.0,0.13,0.319,74.942
0.964,0.376,0,-5.996,1,0.328,0.462,1.59e-06,0.102,0.68,122.112
0.847,0.509,10,-4.316,0,0.237,0.242,0.0,0.105,0.882,77.017
0.749,0.531,11,-10.854,0,0.0736,0.775,0.0114,0.116,0.88,140.002
0.622,0.315,5,-10.767,1,0.0329,0.486,0.0,0.151,0.634,119.973
0.454,0.823,6,-4.938,0,0.0659,0.547,7.79e-06,0.488,0.823,172.048
0.599,0.535,1,-17.004,0,0.0453,0.92,0.936,0.0797,0.561,110.014
0.541,0.805,7,-5.903,1,0.0336,0.0224,0.569,0.245,0.795,94.944
0.333,0.363,4,-15.557,0,0.0678,0.309,0.117,0.23,0.124,146.621
0.898,0.518,8,-8.508,1,0.0417,0.036,0.000273,0.0583,0.913,130.197
0.546,0.971,7,-4.899,1,0.0925,0.00343,0.582,0.337,0.159,136.029
0.606,0.84,1,-4.159,1,0.172,0.349,4.87e-05,0.291,0.594,179.812
0.674,0.645,1,-6.85,1,0.0797,0.0495,0.0,0.12,0.435,90.024
0.669,0.266,0,-21.602,0,0.0571,0.838,0.905,0.156,0.164,109.971
0.931,0.788,11,-8.007,0,0.0834,0.0082,0.000408,0.14,0.332,126.021
0.602,0.91,7,-3.404,1,0.0308,0.00126,0.000174,0.12,0.228,127.944
0.67,0.743,10,-4.993,1,0.0393,0.237,0.0,0.465,0.571,125.944
0.697,0.683,1,-2.881,0,0.117,0.0372,0.0,0.137,0.603,96.133
0.664,0.762,1,-4.286,1,0.104,0.333,1.26e-06,0.177,0.576,118.979
0.626,0.88,9,-2.384,0,0.0504,0.205,0.0,0.128,0.534,95.079
0.621,0.66,11,-6.208,0,0.0366,0.00526,0.0,0.072,0.407,119.937
0.572,0.759,2,-4.312,1,0.0506,0.127,0.0,0.224,0.519,80.95
0.694,0.853,7,-3.986,1,0.0934,0.136,0.0,0.322,0.501,106.098
0.809,0.547,9,-7.305,1,0.0614,0.452,0.0,0.054,0.718,94.992
0.506,0.666,9,-4.999,1,0.372,0.014,0.0,0.0271,0.69,81.749
0.608,0.262,11,-12.656,1,0.111,0.988,0.00121,0.248,0.885,157.919
0.473,0.18,3,-15.663,1,0.0565,0.989,0.691,0.112,0.665,69.951
0.544,0.247,0,-13.946,1,0.0315,0.989,0.27,0.111,0.658,101.628
0.384,0.14,9,-13.839,1,0.035,0.995,0.00308,0.11,0.337,136.531
0.463,0.271,11,-14.507,1,0.0416,0.995,0.821,0.129,0.564,89.981
0.612,0.335,2,-9.822,1,0.0283,0.968,6.32e-05,0.138,0.677,99.276
0.217,0.321,10,-11.347,0,0.0389,0.966,0.00513,0.0947,0.192,74.507
0.562,0.692,9,-6.621,0,0.0779,0.871,0.000358,0.235,0.838,97.412
0.394,0.23,1,-12.766,0,0.044,0.946,2.27e-05,0.0881,0.294,146.256
0.523,0.255,10,-11.42,1,0.03,0.956,3.33e-06,0.0507,0.545,102.002
0.659,0.783,8,-5.015,1,0.0562,0.0207,0.0,0.0959,0.462,74.983
0.483,0.528,4,-6.177,1,0.0967,0.497,0.0,0.129,0.628,88.064
0.679,0.827,7,-4.583,1,0.187,0.139,0.0,0.233,0.922,120.07
0.382,0.836,9,-5.661,0,0.403,0.0725,0.0,0.23,0.444,201.776
0.695,0.796,0,-4.522,1,0.0876,0.213,0.0,0.498,0.937,137.969
0.556,0.828,1,-3.888,0,0.315,0.0877,0.0,0.243,0.695,100.957
0.764,0.875,9,-4.812,0,0.165,0.0249,0.0,0.218,0.968,125.166
0.507,0.691,4,-5.513,1,0.192,0.384,0.0,0.0857,0.621,145.917
0.494,0.454,6,-7.548,1,0.0347,0.669,0.0,0.282,0.242,130.628
0.472,0.673,8,-5.515,1,0.0637,0.291,0.0,0.05,0.321,132.57
0.899,0.4,0,-8.924,1,0.238,0.00858,0.0,0.112,0.127,140.036
0.664,0.506,1,-8.27,1,0.0424,0.00336,0.0,0.143,0.152,76.542
0.85,0.146,6,-18.18,1,0.534,0.965,0.0,0.553,0.785,106.467
0.657,0.642,1,-8.862,1,0.377,0.109,0.0,0.184,0.74,100.101
0.798,0.594,8,-6.564,1,0.169,0.00742,0.167,0.11,0.642,176.038
0.575,0.845,0,-5.28,1,0.0852,0.393,0.0107,0.131,0.439,95.047
0.677,0.623,4,-7.404,1,0.0797,0.136,5.24e-06,0.161,0.616,145.56
0.671,0.902,1,-5.411,1,0.298,0.0638,0.00466,0.539,0.735,160.025
0.642,0.897,1,-6.24,1,0.181,0.0807,0.00651,0.118,0.442,180.093
0.723,0.892,2,-5.758,1,0.164,0.102,0.0,0.146,0.533,101.996
0.726,0.805,1,-5.576,1,0.153,0.081,0.00784,0.0318,0.572,87.956
0.692,0.624,9,-6.492,0,0.0337,0.368,0.0,0.108,0.487,132.896
0.623,0.872,6,-5.192,1,0.0817,0.00735,0.0,0.378,0.545,93.019
0.729,0.695,1,-8.524,1,0.0312,0.522,0.000621,0.113,0.599,127.992
0.576,0.841,0,-5.428,1,0.0773,0.497,0.00559,0.178,0.457,95.149
0.069,0.101,2,-23.487,0,0.0407,0.961,0.795,0.444,0.0707,74.782
0.315,0.248,0,-20.874,1,0.0385,0.982,0.913,0.113,0.66,120.286
0.137,0.0311,5,-28.208,1,0.0381,0.982,0.972,0.0908,0.063,179.223
0.171,0.037,3,-25.191,1,0.0409,0.991,0.898,0.123,0.037,67.89
0.384,0.0494,2,-25.316,1,0.0548,0.994,0.908,0.0958,0.0785,125.261
0.428,0.237,7,-13.764,0,0.0351,0.987,0.896,0.0849,0.357,79.904
0.162,0.0898,2,-23.269,0,0.0354,0.944,0.917,0.187,0.0413,132.047
0.435,0.00354,11,-39.482,1,0.0485,0.986,0.909,0.096,0.179,68.542
0.15,0.0115,2,-26.636,1,0.0425,0.976,0.191,0.0836,0.0955,101.769
0.194,0.079,4,-21.389,1,0.0425,0.969,0.498,0.126,0.082,100.309
0.458,0.973,8,-2.494,1,0.127,0.000562,0.272,0.253,0.252,156.992
0.389,0.915,0,-2.91,1,0.0533,0.0804,0.706,0.21,0.649,166.014
0.364,0.869,7,-4.326,0,0.0536,0.255,0.00401,0.0947,0.337,159.04
0.446,0.886,0,-5.572,0,0.0537,0.0527,0.91,0.182,0.0627,166.97
0.364,0.996,5,-0.569,0,0.13,0.00028,5.41e-05,0.107,0.144,149.037
0.407,0.998,0,-0.347,1,0.0696,0.167,0.116,0.0972,0.459,145.031
0.488,0.82,2,-5.189,1,0.0942,0.00526,0.897,0.629,0.255,77.499
0.27,0.683,1,-3.131,1,0.0424,0.000425,8.2e-05,0.194,0.04,174.908
0.263,0.959,4,-1.28,0,0.0577,0.142,1.05e-05,0.134,0.0623,156.222
0.432,0.996,10,-0.47,0,0.182,0.143,0.951,0.131,0.0386,125.018
0.671,0.939,8,-3.206,1,0.161,0.191,0.0,0.298,0.53,129.024
0.721,0.802,1,-5.797,1,0.0583,0.0921,0.0,0.694,0.724,124.022
0.452,0.574,6,-8.336,1,0.311,0.245,0.0,0.189,0.578,92.795
0.673,0.681,1,-5.693,1,0.118,0.52,0.0,0.235,0.707,171.864
0.81,0.538,0,-5.783,0,0.0357,0.53,0.0,0.0951,0.832,109.97
0.711,0.754,4,-6.461,0,0.0763,0.028,2.96e-05,0.152,0.59,126.05
0.705,0.572,8,-5.799,0,0.0326,0.0262,0.0,0.585,0.574,139.977
0.693,0.513,8,-6.447,1,0.0415,0.296,0.00013,0.0604,0.49,94.021
0.727,0.65,0,-5.357,1,0.0337,0.662,0.0,0.111,0.668,129.993
0.657,0.676,5,-6.633,1,0.0393,0.245,0.0,0.368,0.246,124.904
0.747,0.467,2,-8.853,0,0.372,0.0966,0.0,0.069,0.595,161.487
0.544,0.915,8,-3.405,1,0.0841,0.129,0.000914,0.115,0.51,126.094
0.658,0.817,11,-3.652,0,0.0373,0.000266,0.000101,0.259,0.629,129.075
0.739,0.586,10,-5.079,0,0.0472,0.0245,0.000252,0.308,0.444,124.026
0.503,0.748,5,-4.124,1,0.0619,0.0305,0.0,0.343,0.356,125.896
0.664,0.708,8,-4.154,1,0.0474,0.0337,0.0,0.0841,0.742,103.07
0.522,0.782,2,-4.846,1,0.0412,0.216,1.08e-05,0.133,0.169,125.994
0.685,0.886,0,-4.179,1,0.034,0.028,0.0,0.481,0.615,125.034
0.416,0.85,1,-4.91,0,0.0455,0.00849,0.000175,0.204,0.142,125.096
0.834,0.652,6,-4.855,0,0.0592,0.151,0.0,0.148,0.482,121.976
0.601,0.777,0,-4.612,1,0.0471,0.269,0.0,0.0883,0.485,119.963
0.802,0.49,10,-9.708,1,0.0316,0.0232,0.0146,0.354,0.71,133.025
0.535,0.686,9,-10.074,0,0.0387,0.128,0.0,0.191,0.815,131.237
0.771,0.483,2,-6.337,1,0.0323,0.118,0.000213,0.115,0.823,118.029
0.64,0.66,0,-10.926,1,0.0275,0.258,0.000564,0.359,0.9,128.701
0.702,0.609,5,-10.992,1,0.0283,0.288,2.43e-06,0.106,0.568,117.637
0.718,0.451,7,-11.366,1,0.0635,0.0215,0.0,0.107,0.746,125.021
0.8,0.776,4,-7.933,0,0.0881,0.31,7.78e-05,0.322,0.734,146.997
0.692,0.655,2,-10.009,1,0.0444,0.135,1.41e-06,0.0646,0.916,115.541
0.835,0.422,4,-12.942,1,0.0495,0.223,0.0,0.0758,0.557,124.661
0.805,0.664,1,-8.57,0,0.0352,0.427,2.18e-05,0.108,0.889,124.962
0.725,0.709,3,-5.017,0,0.129,0.321,0.000189,0.114,0.648,99.993
0.869,0.694,1,-3.35,0,0.0783,0.356,0.00125,0.0878,0.511,90.02
0.765,0.625,9,-3.599,0,0.0548,0.584,0.00111,0.112,0.262,102.101
0.78,0.719,3,-3.613,0,0.0506,0.302,0.000196,0.0931,0.336,127.962
0.836,0.826,11,-2.66,0,0.0461,0.213,6.03e-06,0.0814,0.579,102.025
0.845,0.795,9,-3.502,0,0.0681,0.343,1.78e-05,0.224,0.681,94.969
0.75,0.522,9,-7.018,1,0.0293,0.282,0.0,0.0743,0.601,110.427
0.849,0.781,0,-4.635,0,0.159,0.406,0.0,0.0801,0.893,84.041
0.674,0.7,0,-5.809,1,0.0473,0.342,3.57e-05,0.0994,0.255,102.031
0.784,0.587,4,-3.572,0,0.0767,0.375,0.00109,0.111,0.261,90.032
0.555,0.48,1,-8.597,1,0.0652,5.22e-06,0.0211,0.198,0.25,149.954
0.56,0.725,1,-13.662,1,0.213,0.00492,0.00634,0.375,0.317,151.131
0.745,0.582,1,-7.366,1,0.0597,2.83e-05,2.42e-05,0.113,0.314,151.035
0.67,0.79,1,-2.971,1,0.0617,0.000284,0.0,0.136,0.0757,143.133
0.587,0.864,1,-12.122,1,0.458,0.000845,0.000438,0.733,0.629,140.09
0.704,0.484,1,-9.535,1,0.127,6.72e-05,0.22,0.126,0.103,138.197
0.671,0.939,8,-3.206,1,0.161,0.191,0.0,0.298,0.53,129.024
0.494,0.793,9,-4.859,1,0.339,0.168,0.331,0.374,0.109,127.979
0.701,0.959,0,-4.445,1,0.053,0.0126,0.00221,0.113,0.15,130.007
0.698,0.699,1,-7.482,0,0.111,0.042,0.0262,0.0833,0.231,119.97
0.51,0.929,1,-4.655,1,0.0344,0.000749,0.787,0.732,0.316,127.989
0.648,0.904,10,-5.268,1,0.0666,0.0127,0.0,0.17,0.55,126.037
0.918,0.434,1,-10.715,1,0.224,0.524,0.00011,0.0634,0.934,126.981
0.523,0.861,0,-3.447,1,0.0644,0.0336,0.0,0.144,0.346,127.049
0.704,0.806,0,-3.866,0,0.121,0.23,0.0,0.0977,0.678,130.006
0.717,0.716,3,-5.485,0,0.0432,0.0421,0.000467,0.0699,0.206,125.064
0.552,0.367,4,-11.582,1,0.0249,0.79,0.000988,0.0885,0.349,158.099
0.665,0.695,0,-5.763,1,0.0532,0.347,0.0,0.106,0.707,90.119
0.71,0.797,4,-3.006,0,0.0583,0.409,0.0,0.16,0.849,94.998
0.66,0.623,7,-7.321,0,0.152,0.0851,0.0,0.0841,0.736,179.986
0.701,0.692,9,-4.67,0,0.115,0.699,0.0,0.177,0.688,90.193
0.752,0.813,4,-8.069,0,0.237,0.2,0.0,0.163,0.559,103.836
0.727,0.515,2,-6.553,0,0.0289,0.241,3.74e-06,0.124,0.695,89.488
0.567,0.58,4,-5.757,0,0.223,0.0084,5.37e-06,0.0342,0.46,157.596
0.601,0.621,6,-5.576,0,0.0434,0.0374,1.75e-06,0.188,0.278,94.547
0.606,0.699,8,-3.103,0,0.0337,0.343,1.89e-06,0.0757,0.509,83.701
0.677,0.557,9,-9.498,0,0.472,0.114,0.0,0.137,0.797,84.926
0.698,0.25,6,-17.125,1,0.0374,0.345,0.944,0.111,0.0827,118.004
0.675,0.898,2,-5.915,1,0.16,0.0158,0.0,0.104,0.565,134.421
0.697,0.596,1,-12.325,1,0.0351,0.658,0.922,0.0997,0.414,120.051
0.805,0.642,9,-9.359,0,0.057,0.000194,0.918,0.105,0.504,125.002
0.728,0.614,1,-13.263,1,0.0482,0.529,0.78,0.0994,0.0363,120.028
0.697,0.837,7,-2.651,1,0.304,0.313,0.0,0.471,0.831,85.097
0.65,0.827,8,-4.014,1,0.0599,0.0229,0.0,0.121,0.223,144.995
0.188,0.309,5,-10.564,0,0.0287,0.898,0.771,0.0621,0.0677,90.687
0.729,0.574,7,-4.779,0,0.0589,0.391,0.0,0.319,0.438,88.94
0.679,0.645,9,-7.107,0,0.0513,0.0897,0.0,0.121,0.349,119.934
0.311,0.769,7,-4.637,1,0.0553,0.226,0.0,0.105,0.16,78.265
0.59,0.878,4,-3.199,0,0.266,0.294,0.0,0.0959,0.699,139.934
0.761,0.777,5,-4.68,0,0.0941,0.21,0.0,0.0771,0.377,89.959
0.439,0.733,4,-6.471,1,0.0773,0.0345,0.0,0.292,0.615,162.125
0.76,0.682,1,-6.441,1,0.0371,0.0616,0.0,0.118,0.372,120.008
0.722,0.479,1,-8.93,1,0.0593,0.431,0.0,0.0842,0.643,97.963
0.54,0.373,1,-10.079,1,0.0262,0.466,2.88e-06,0.109,0.315,143.94
0.792,0.257,10,-13.041,0,0.0876,0.442,0.0,0.135,0.529,90.047
0.454,0.935,2,-3.904,0,0.283,0.488,0.0,0.107,0.355,107.234
0.422,0.868,0,-4.518,1,0.371,0.599,0.0,0.562,0.789,86.865
0.523,0.719,4,-6.314,0,0.0644,0.857,4.46e-06,0.105,0.885,114.214
0.579,0.523,7,-6.917,1,0.368,0.701,0.0,0.114,0.313,121.63
0.611,0.668,9,-5.843,0,0.264,0.909,0.0,0.109,0.603,119.805
0.535,0.649,0,-5.555,1,0.15,0.806,0.0,0.0722,0.766,59.142
0.85,0.827,5,-4.819,1,0.133,0.782,0.0,0.0901,0.681,120.018
0.63,0.538,10,-7.589,1,0.145,0.472,3.2e-06,0.112,0.389,119.871
0.748,0.72,9,-7.774,1,0.0286,0.237,0.0,0.069,0.86,128.69
0.486,0.633,9,-8.414,1,0.0365,0.176,0.0,0.312,0.669,162.158
0.466,0.55,9,-9.517,1,0.0437,0.141,0.0,0.149,0.747,109.53
0.444,0.414,2,-15.04,1,0.0325,0.163,2.07e-05,0.053,0.573,95.73
0.449,0.645,9,-15.2,1,0.0385,0.263,2.9e-06,0.901,0.777,109.581
0.661,0.581,5,-9.67,1,0.032,0.423,0.0,0.11,0.863,91.11
0.579,0.52,4,-8.575,1,0.0361,0.332,0.0,0.165,0.521,167.311
0.464,0.405,7,-12.538,1,0.033,0.208,1.1e-05,0.0611,0.514,95.852
0.627,0.664,5,-9.035,1,0.0527,0.325,0.0,0.653,0.669,131.983
0.309,0.928,11,-6.886,1,0.0846,0.322,0.00197,0.984,0.513,74.272
0.727,0.509,0,-12.145,0,0.292,0.126,0.0,0.251,0.319,93.963
0.635,0.214,5,-15.875,0,0.36,0.668,0.0,0.118,0.392,178.062
0.846,0.34,1,-19.178,0,0.441,0.235,0.0,0.114,0.912,80.015
0.68,0.558,6,-11.652,0,0.47,0.383,0.0,0.111,0.361,93.964
0.953,0.523,6,-9.63,1,0.264,0.772,0.0,0.0756,0.682,129.98
0.879,0.375,6,-16.437,0,0.156,0.178,0.0,0.0884,0.166,129.977
0.319,0.739,0,-5.74,1,0.272,0.0285,0.0,0.111,0.449,194.169
0.69,0.622,5,-5.025,0,0.0622,0.253,0.0,0.116,0.544,102.04
0.376,0.822,0,-3.974,1,0.104,0.0783,0.0,0.0841,0.327,120.498
0.31,0.54,9,-9.629,1,0.346,0.163,0.000129,0.0713,0.148,180.994
0.481,0.267,7,-9.249,1,0.0339,0.8,0.0,0.249,0.137,117.64
0.741,0.626,1,-4.826,0,0.0886,0.02,0.0,0.0828,0.706,108.029
0.588,0.765,11,-4.927,0,0.0558,0.00143,4.02e-05,0.298,0.558,94.958
0.524,0.639,10,-7.18,1,0.103,0.238,0.0,0.0598,0.582,87.998
0.66,0.631,0,-6.464,1,0.0764,0.386,0.0,0.16,0.416,138.007
0.389,0.373,6,-5.72,1,0.047,0.928,0.0,0.146,0.283,90.289
0.552,0.383,11,-13.373,1,0.398,0.794,0.362,0.167,0.487,176.25
0.653,0.507,11,-17.18,0,0.0534,0.687,0.0147,0.155,0.831,123.188
0.441,0.546,4,-12.222,1,0.0336,0.13,0.000144,0.109,0.718,134.752
0.611,0.761,2,-5.929,1,0.0283,0.104,0.0002,0.122,0.838,130.705
0.557,0.473,7,-9.294,1,0.0262,0.261,3.95e-05,0.0658,0.56,79.368
0.859,0.568,4,-12.516,0,0.0387,0.29,0.0,0.31,0.936,129.72
0.646,0.531,7,-10.785,1,0.0671,0.528,0.0133,0.0836,0.655,172.02
0.443,0.337,9,-13.017,1,0.0259,0.229,2.71e-05,0.359,0.267,86.54
0.696,0.522,9,-13.219,0,0.0394,0.685,0.193,0.166,0.881,156.488
0.529,0.472,7,-10.428,1,0.0267,0.583,0.0,0.129,0.25,134.1
0.571,0.726,2,-10.379,1,0.0346,0.0427,2.85e-05,0.175,0.704,97.434
0.71,0.607,1,-4.82,1,0.0273,0.313,0.0,0.116,0.451,105.978
0.64,0.537,0,-5.452,0,0.0282,0.0875,9.84e-06,0.11,0.0676,112.868
0.754,0.802,9,-6.424,1,0.0551,0.0349,0.0,0.335,0.583,122.026
0.827,0.56,0,-6.685,1,0.0327,0.55,3.66e-05,0.15,0.873,122.056
0.67,0.786,0,-5.216,1,0.0366,0.0418,0.0,0.145,0.806,90.009
0.584,0.792,11,-4.147,1,0.0317,0.0135,0.0,0.0487,0.877,89.991
0.725,0.485,7,-7.651,1,0.0727,0.113,0.0,0.0784,0.527,89.995
0.704,0.701,2,-5.442,1,0.0594,0.058,0.0,0.127,0.592,88.024
0.698,0.768,7,-4.455,1,0.0444,0.0049,0.0,0.405,0.298,129.95
0.653,0.623,9,-5.989,1,0.0938,0.0515,0.0,0.0869,0.48,175.884
0.71,0.648,8,-5.955,1,0.0373,0.296,0.0,0.117,0.468,102.111
0.555,0.467,2,-9.152,0,0.0269,0.338,2.17e-05,0.0835,0.269,95.948
0.465,0.954,10,-4.251,1,0.044,0.000346,5.38e-06,0.573,0.458,143.85
0.718,0.691,4,-6.44,1,0.0387,0.0159,0.0,0.0627,0.552,100.008
0.518,0.916,3,-3.858,1,0.0454,0.000148,0.0,0.291,0.646,109.864
0.553,0.717,7,-5.857,1,0.0318,6.48e-05,0.128,0.0385,0.318,127.947
0.454,0.636,0,-4.731,1,0.0273,0.00228,0.0,0.154,0.313,87.89
0.415,0.913,7,-5.361,1,0.0482,0.000543,3.02e-05,0.284,0.427,164.289
0.496,0.849,0,-4.975,1,0.0368,0.000333,9.16e-06,0.354,0.828,171.965
0.542,0.874,4,-3.471,0,0.0445,0.000172,0.0,0.0603,0.655,135.913
0.322,0.879,1,-3.297,1,0.0661,0.0316,0.081,0.267,0.227,179.911
0.465,0.947,11,-3.812,0,0.046,7.34e-05,4.97e-05,0.0619,0.593,149.822
0.777,0.613,10,-8.891,0,0.179,0.0265,3.58e-06,0.318,0.66,106.994
0.681,0.933,0,-2.855,1,0.104,0.0221,0.00504,0.266,0.46,128.036
0.551,0.833,8,-5.217,1,0.03,0.0391,2.77e-06,0.0632,0.145,129.885
0.381,0.963,5,-3.911,0,0.0678,0.00892,0.00382,0.294,0.165,138.0
0.633,0.898,2,-3.254,1,0.034,0.0132,2.07e-06,0.339,0.876,125.994
0.355,0.777,5,-6.811,0,0.0413,0.201,0.0136,0.211,0.038,122.324
0.731,0.904,10,-4.774,0,0.0349,0.00861,0.000164,0.0916,0.328,121.03
0.641,0.943,0,-3.579,1,0.0554,0.00617,0.0,0.355,0.498,133.997
0.526,0.705,5,-6.777,0,0.0301,0.067,6.4e-05,0.125,0.413,134.947
0.741,0.78,4,-5.294,1,0.0327,0.225,0.000136,0.255,0.725,120.031
0.592,0.911,9,-7.975,1,0.0659,0.00608,0.0123,0.223,0.211,103.517
0.792,0.435,0,-10.719,0,0.0849,0.0284,0.819,0.0677,0.405,110.011
0.769,0.842,1,-3.164,1,0.0446,0.169,3.23e-05,0.266,0.417,97.04
0.706,0.739,10,-3.753,1,0.0586,0.266,2.62e-05,0.126,0.371,91.906
0.882,0.697,1,-3.756,1,0.0626,0.208,1.09e-05,0.0847,0.758,99.984
0.602,0.573,5,-7.388,1,0.0518,0.282,0.0,0.0854,0.319,174.048
0.654,0.767,5,-5.061,0,0.048,0.0556,0.00118,0.305,0.614,173.933
0.551,0.658,11,-4.707,1,0.145,0.101,0.0,0.161,0.339,95.036
0.274,0.329,0,-11.206,1,0.0325,0.881,8.49e-05,0.192,0.362,171.38
0.759,0.582,0,-6.193,1,0.0489,0.403,0.0,0.137,0.533,94.01
0.457,0.89,3,-4.074,1,0.179,0.116,3.71e-06,0.674,0.67,175.777
0.72,0.827,7,-2.823,1,0.0506,0.315,0.0,0.106,0.41,96.979
0.683,0.176,0,-23.095,0,0.148,0.979,0.949,0.102,0.411,131.963
0.646,0.492,9,-13.85,1,0.0484,0.277,0.866,0.11,0.428,173.014
0.616,0.975,10,-0.425,0,0.208,0.172,1.62e-06,0.143,0.742,132.054
0.526,0.976,11,-1.084,0,0.0799,0.00459,0.0,0.102,0.554,178.129
0.49,0.987,7,-2.279,1,0.253,0.049,3.24e-06,0.406,0.451,175.064
0.662,0.989,1,-1.324,0,0.0701,0.0133,0.000178,0.27,0.835,132.0
0.564,0.896,10,-3.875,0,0.108,0.000387,8.17e-06,0.374,0.713,145.023
0.709,0.962,1,-0.753,1,0.106,0.153,1.77e-06,0.621,0.767,128.013
0.587,0.822,11,-4.87,0,0.171,0.0305,9.98e-05,0.11,0.903,113.971
0.573,0.877,8,-3.74,1,0.0785,0.234,0.0,0.0709,0.251,115.005
0.577,0.864,4,-2.92,1,0.0447,0.208,0.0,0.355,0.698,96.04
0.54,0.958,5,-4.26,1,0.0951,0.0492,0.0,0.308,0.652,93.852
0.85,0.657,9,-7.078,0,0.166,0.14,0.0192,0.0939,0.843,137.971
0.794,0.662,6,-4.913,0,0.249,0.0789,0.0,0.0937,0.683,93.053
0.741,0.508,11,-5.099,0,0.0507,0.0347,6.45e-05,0.0602,0.354,121.965
0.637,0.725,5,-5.073,1,0.0333,0.0702,0.00438,0.203,0.415,92.99
0.707,0.514,9,-7.286,0,0.0355,0.517,0.0,0.286,0.687,130.02
0.626,0.441,9,-10.637,0,0.0308,0.761,0.0138,0.0685,0.563,78.094
0.589,0.532,6,-8.572,0,0.0271,0.155,0.0903,0.323,0.434,84.012
0.678,0.338,10,-9.899,1,0.0319,0.655,0.0,0.215,0.502,109.888
0.706,0.727,5,-8.06,1,0.0317,0.0698,5.31e-06,0.115,0.903,92.938
0.655,0.649,1,-5.653,0,0.089,0.0793,0.000393,0.117,0.759,86.968
0.721,0.484,11,-9.036,1,0.111,0.0021,0.563,0.559,0.365,127.998
0.551,0.499,2,-10.303,0,0.0293,0.00652,4.27e-06,0.424,0.3,140.031
0.386,0.36,0,-10.422,1,0.032,0.827,0.366,0.0898,0.0495,114.826
0.634,0.715,7,-9.953,1,0.271,0.0354,1.69e-05,0.09,0.63,75.06
0.855,0.239,9,-12.189,0,0.171,0.99,0.873,0.121,0.743,119.973
0.315,0.979,11,-6.346,0,0.144,0.00621,0.914,0.272,0.402,104.465
0.457,0.407,9,-11.475,1,0.0308,0.805,0.884,0.126,0.126,117.053
0.509,0.31,9,-10.623,1,0.0313,0.959,0.229,0.0963,0.151,137.474
0.409,0.223,10,-13.886,1,0.0296,0.947,0.0123,0.0635,0.173,89.877
0.233,0.15,1,-11.736,1,0.0336,0.982,0.36,0.154,0.0875,143.887
0.334,0.397,7,-7.993,1,0.0284,0.558,0.0774,0.126,0.035,93.445
0.556,0.261,4,-11.668,1,0.0289,0.797,0.016,0.0893,0.219,110.841
0.296,0.284,10,-14.01,0,0.033,0.968,0.189,0.0961,0.0917,114.786
0.392,0.433,5,-13.313,1,0.0364,0.92,0.646,0.0937,0.0432,100.253
0.567,0.131,1,-14.124,1,0.029,0.888,0.0553,0.158,0.0657,104.784
0.354,0.311,3,-10.377,1,0.0321,0.965,0.0315,0.204,0.135,146.631
0.734,0.674,7,-7.714,1,0.0543,0.417,0.0,0.356,0.387,130.042
0.53,0.406,10,-7.507,1,0.033,0.656,0.0,0.133,0.338,115.94
0.59,0.727,6,-7.955,1,0.0706,0.0259,6.48e-05,0.0827,0.356,121.966
0.445,0.455,7,-6.405,1,0.0575,0.731,1.47e-06,0.124,0.151,109.885
0.533,0.553,7,-6.486,1,0.0296,0.498,0.0,0.0911,0.391,102.043
0.716,0.496,3,-5.989,0,0.0588,0.514,0.0,0.109,0.559,113.015
0.62,0.634,11,-5.098,1,0.0836,0.257,0.0,0.0875,0.373,139.968
0.554,0.716,0,-4.334,1,0.0717,0.37,0.0,0.0919,0.664,89.873
0.765,0.582,0,-4.528,1,0.12,0.245,8.21e-05,0.154,0.36,132.992
0.557,0.387,0,-8.566,1,0.0998,0.411,0.0,0.197,0.337,149.899
0.654,0.584,5,-8.95,0,0.0557,0.536,3.37e-05,0.136,0.468,119.896
0.246,0.242,8,-22.593,1,0.0694,0.864,0.953,0.11,0.0333,121.456
0.25,0.277,1,-25.268,1,0.0528,0.909,0.899,0.112,0.12,133.329
0.727,0.974,4,-2.261,0,0.0664,0.103,0.000532,0.174,0.965,79.526
0.843,0.806,4,-5.946,0,0.269,0.143,0.0,0.0771,0.613,94.948
0.725,0.64,5,-7.905,0,0.332,0.0281,0.0,0.099,0.915,166.028
0.871,0.597,5,-4.932,0,0.0464,0.126,0.000113,0.0638,0.635,125.999
0.918,0.734,11,-2.832,0,0.269,0.0296,8.01e-06,0.191,0.608,97.044
0.751,0.708,0,-5.653,1,0.0545,0.0482,1.85e-05,0.107,0.509,108.97
0.792,0.701,6,-7.198,0,0.283,0.105,0.0,0.761,0.251,103.89
0.746,0.978,9,-5.324,1,0.0978,0.0555,4.11e-05,0.026,0.653,153.809
0.749,0.856,2,-5.833,1,0.235,0.107,0.0,0.745,0.402,103.773
0.857,0.764,1,-6.304,1,0.246,0.0398,0.0,0.425,0.578,93.071
